Workbook

Sheet 8-Layer
A1: Specifics | B1: METRIC units | D1: Distance (in) | E1: Time (s) | F1: Distance (m) | G1: Velocity (m/s) | H1: Flow Rate (m^3/s) | I1: Keff (m^2) | J1: Kfab (m^2)
A2: Width(m) | B2: 0.1016 | D2: 1 | E2: 29 | F2: =D2*0.0254 -> 0.0254 | G2: =F2/E2 -> 0.00087586207 | H2: =G2*$B$2*$B$5*$B$4 -> 2.1357021e-07 | I2: =(H2*$B$6*(F2)/($B$2*$B$5*$B$4*$B$7)) -> 1.4271387e-10 | J2: =1 / ( (1 / I2) - (1 /$B$8) ) -> 1.4752054e-10
A3: Length(m) | B3: =7*0.0254 -> 0.1778 | D3: 2 | E3: 67 | F3: =D3*0.0254 -> 0.0508 | G3: =F3/E3 -> 0.00075820896 | H3: =G3*$B$2*$B$5*$B$4 -> 1.8488167e-07 | I3: =(H3*$B$6*(F3)/($B$2*$B$5*$B$4*$B$7)) -> 2.470867e-10 | J3: =1 / ( (1 / I3) - (1 /$B$8) ) -> 2.6185881e-10
A4: thick/sheet (m) | B4: 0.0003 | D4: 3 | E4: 106 | F4: =D4*0.0254 -> 0.0762 | G4: =F4/E4 -> 0.00071886792 | H4: =G4*$B$2*$B$5*$B$4 -> 1.7528875e-07 | I4: =(H4*$B$6*(F4)/($B$2*$B$5*$B$4*$B$7)) -> 3.5139924e-10 | J4: =1 / ( (1 / I4) - (1 /$B$8) ) -> 3.8205044e-10
A5: # of sheet | B5: 8 | D5: 4 | E5: 176 | F5: =D5*0.0254 -> 0.1016 | G5: =F5/E5 -> 0.00057727273 | H5: =G5*$B$2*$B$5*$B$4 -> 1.4076218e-07 | I5: =(H5*$B$6*(F5)/($B$2*$B$5*$B$4*$B$7)) -> 3.7624565e-10 | J5: =1 / ( (1 / I5) - (1 /$B$8) ) -> 4.1160267e-10
A6: viscosity (Pa*s) | B6: 0.65 | D6: 5 | E6: 250 | F6: =D6*0.0254 -> 0.127 | G6: =F6/E6 -> 0.000508 | H6: =G6*$B$2*$B$5*$B$4 -> 1.2387072e-07 | I6: =(H6*$B$6*(F6)/($B$2*$B$5*$B$4*$B$7)) -> 4.1387022e-10 | J6: =1 / ( (1 / I6) - (1 /$B$8) ) -> 4.5705805e-10
A7: P Delta (Pa) | B7: 101325 | G7: St Dev | H7: =STDEV(H2:H6) -> 3.5719475e-08 | I7: =STDEV(I2:I6) -> 1.1041322e-10 | J7: =STDEV(J2:J6) -> 1.2593014e-10
A8: k_DM (m^2) | B8: =4.38*10^-9 -> 4.38e-09 | G8: Mean | H8: =AVERAGE(H2:H6) -> 1.6767471e-07 | I8: =AVERAGE(I2:I6) -> 3.0626314e-10 | J8: =AVERAGE(J2:J6) -> 3.320181e-10

Sheet 6-Layer
A1: Specifics | B1: METRIC units | D1: Distance (in) | E1: Time (s) | F1: Distance (m) | G1: Velocity (m/s) | H1: Flow Rate (m^3/s) | I1: Keff (m^2) | J1: Kfab (m^2)
A2: Width(m) | B2: =3.5*0.0254 -> 0.0889 | D2: 1 | E2: 33 | F2: =D2*0.0254 -> 0.0254 | G2: =F2/E2 -> 0.00076969697 | H2: =G2*$B$2*$B$5*$B$4 -> 1.2316691e-07 | I2: =(H2*$B$6*(F2)/($B$2*$B$5*$B$4*$B$7)) -> 1.2541522e-10 | J2: =1 / ( (1 / I2) - (1 /$B$8) ) -> 1.2911217e-10
A3: Length(m) | B3: =7.5*0.0254 -> 0.1905 | D3: 2 | E3: 45 | F3: =D3*0.0254 -> 0.0508 | G3: =F3/E3 -> 0.0011288889 | H3: =G3*$B$2*$B$5*$B$4 -> 1.806448e-07 | I3: =(H3*$B$6*(F3)/($B$2*$B$5*$B$4*$B$7)) -> 3.6788464e-10 | J3: =1 / ( (1 / I3) - (1 /$B$8) ) -> 4.0161725e-10
A4: thick/sheet (m) | B4: 0.0003 | D4: 3 | E4: 54 | F4: =D4*0.0254 -> 0.0762 | G4: =F4/E4 -> 0.0014111111 | H4: =G4*$B$2*$B$5*$B$4 -> 2.25806e-07 | I4: =(H4*$B$6*(F4)/($B$2*$B$5*$B$4*$B$7)) -> 6.897837e-10 | J4: =1 / ( (1 / I4) - (1 /$B$8) ) -> 8.1871965e-10
A5: # of sheet | B5: 6 | D5: 4 | E5: 73 | F5: =D5*0.0254 -> 0.1016 | G5: =F5/E5 -> 0.0013917808 | H5: =G5*$B$2*$B$5*$B$4 -> 2.2271277e-07 | I5: =(H5*$B$6*(F5)/($B$2*$B$5*$B$4*$B$7)) -> 9.0711281e-10 | J5: =1 / ( (1 / I5) - (1 /$B$8) ) -> 1.1440493e-09
A6: viscosity (Pa*s) | B6: 0.65 | D6: 5 | E6: 100 | F6: =D6*0.0254 -> 0.127 | G6: =F6/E6 -> 0.00127 | H6: =G6*$B$2*$B$5*$B$4 -> 2.032254e-07 | I6: =(H6*$B$6*(F6)/($B$2*$B$5*$B$4*$B$7)) -> 1.0346755e-09 | J6: =1 / ( (1 / I6) - (1 /$B$8) ) -> 1.3546904e-09
A7: P Delta (Pa) | B7: 101325 | D7: 6 | E7: 133 | F7: =D7*0.0254 -> 0.1524 | G7: =F7/E7 -> 0.0011458647 | H7: =G7*$B$2*$B$5*$B$4 -> 1.8336126e-07 | I7: =(H7*$B$6*(F7)/($B$2*$B$5*$B$4*$B$7)) -> 1.1202502e-09 | J7: =1 / ( (1 / I7) - (1 /$B$8) ) -> 1.505237e-09
A8: k_DM (m^2) | B8: =4.38*10^-9 -> 4.38e-09 | D8: 7 | E8: 159 | F8: =D8*0.0254 -> 0.1778 | G8: =F8/E8 -> 0.001118239 | H8: =G8*$B$2*$B$5*$B$4 -> 1.789406e-07 | I8: =(H8*$B$6*(F8)/($B$2*$B$5*$B$4*$B$7)) -> 1.2754491e-09 | J8: =1 / ( (1 / I8) - (1 /$B$8) ) -> 1.7994445e-09
G9: St Dev | H9: =STDEV(H2:H8) -> 3.4704968e-08 | I9: =STDEV(I2:I8) -> 4.1796979e-10 | J9: =STDEV(J2:J8) -> 6.0373325e-10
G10: Mean | H10: =AVERAGE(H2:H8) -> 1.8826539e-07 | I10: =AVERAGE(I2:I8) -> 7.8865303e-10 | J10: =AVERAGE(J2:J8) -> 1.0218386e-09

Sheet 4-Layer
A1: Specifics | B1: METRIC units | D1: Distance (in) | E1: Time (s) | F1: Distance (m) | G1: Velocity (m/s) | H1: Flow Rate (m^3/s) | I1: Keff (m^2) | J1: Kfab (m^2)
A2: Width(m) | B2: =4*0.0254 -> 0.1016 | D2: 1 | E2: 20 | F2: =D2*0.0254 -> 0.0254 | G2: =F2/E2 -> 0.00127 | H2: =G2*$B$2*$B$5*$B$4 -> 3.096768e-07 | I2: =(H2*$B$6*(F2)/($B$2*$B$5*$B$4*$B$7)) -> 2.0693511e-10 | J2: =1 / ( (1 / I2) - (1 /$B$8) ) -> 2.1719667e-10
A3: Length(m) | B3: =7.5*0.0254 -> 0.1905 | D3: 2 | E3: 39 | F3: =D3*0.0254 -> 0.0508 | G3: =F3/E3 -> 0.0013025641 | H3: =G3*$B$2*$B$5*$B$4 -> 3.1761723e-07 | I3: =(H3*$B$6*(F3)/($B$2*$B$5*$B$4*$B$7)) -> 4.2448228e-10 | J3: =1 / ( (1 / I3) - (1 /$B$8) ) -> 4.7003515e-10
A4: thick/sheet (m) | B4: 0.0003 | D4: 3 | E4: 107 | F4: =D4*0.0254 -> 0.0762 | G4: =F4/E4 -> 0.00071214953 | H4: =G4*$B$2*$B$5*$B$4 -> 1.7365054e-07 | I4: =(H4*$B$6*(F4)/($B$2*$B$5*$B$4*$B$7)) -> 3.4811514e-10 | J4: =1 / ( (1 / I4) - (1 /$B$8) ) -> 3.7817159e-10
A5: # of sheet | B5: 8 | D5: 4 | E5: 193 | F5: =D5*0.0254 -> 0.1016 | G5: =F5/E5 -> 0.00052642487 | H5: =G5*$B$2*$B$5*$B$4 -> 1.2836344e-07 | I5: =(H5*$B$6*(F5)/($B$2*$B$5*$B$4*$B$7)) -> 3.4310485e-10 | J5: =1 / ( (1 / I5) - (1 /$B$8) ) -> 3.722661e-10
A6: viscosity (Pa*s) | B6: 0.65 | D6: 5 | E6: 311 | F6: =D6*0.0254 -> 0.127 | G6: =F6/E6 -> 0.00040836013 | H6: =G6*$B$2*$B$5*$B$4 -> 9.9574534e-08 | I6: =(H6*$B$6*(F6)/($B$2*$B$5*$B$4*$B$7)) -> 3.326931e-10 | J6: =1 / ( (1 / I6) - (1 /$B$8) ) -> 3.6004084e-10
A7: P Delta (Pa) | B7: 101325 | D7: 6 | E7: 463 | F7: =D7*0.0254 -> 0.1524 | G7: =F7/E7 -> 0.00032915767 | H7: =G7*$B$2*$B$5*$B$4 -> 8.0261806e-08 | I7: =(H7*$B$6*(F7)/($B$2*$B$5*$B$4*$B$7)) -> 3.2179974e-10 | J7: =1 / ( (1 / I7) - (1 /$B$8) ) -> 3.4731723e-10
A8: k_DM (m^2) | B8: =4.38*10^-9 -> 4.38e-09 | G8: St Dev | H8: =STDEV(H2:H7) -> 1.0462851e-07 | I8: =STDEV(I2:I7) -> 7.0206677e-11 | J8: =STDEV(J2:J7) -> 8.1369138e-11
G9: Mean | H9: =AVERAGE(H2:H7) -> 1.8485739e-07 | I9: =AVERAGE(I2:I7) -> 3.295217e-10 | J9: =AVERAGE(J2:J7) -> 3.575046e-10

Sheet T-Test
B1: 8 Layers | D1: 6 Layers | F1: Comparison
B2: Mean | C2: StDev | D2: Mean | E2: StDev | F2: t_experimental | G2: t_theoretical | H2: Means equal?
A3: K_eff | B3: ='8-Layer'!$I$8 -> 3.0626314e-10 | C3: ='8-Layer'!I7 -> 1.1041322e-10 | D3: ='6-Layer'!I10 -> 7.8865303e-10 | E3: ='6-Layer'!I9 -> 4.1796979e-10 | F3: =ABS((B3-D3)/SQRT(C3^2/B6+E3^2/D6)) -> 2.9144803 | G3: =_xlfn.T.INV.2T(0.1, B6+D6-2) -> 1.8124611 | H3: =IF(F3<=G3, TRUE, FALSE) -> FALSE
A4: K_fab | B4: ='8-Layer'!J8 -> 3.320181e-10 | C4: ='8-Layer'!J7 -> 1.2593014e-10 | D4: ='6-Layer'!J10 -> 1.0218386e-09 | E4: ='6-Layer'!J9 -> 6.0373325e-10 | F4: =ABS((B4-D4)/SQRT(C4^2/B6+E4^2/D6)) -> 2.9349486 | G4: =_xlfn.T.INV.2T(0.1, B6+D6-2) -> 1.8124611 | H4: =IF(F4<=G4, TRUE, FALSE) -> FALSE
A5: Q_eff | B5: ='8-Layer'!H8 -> 1.6767471e-07 | C5: ='8-Layer'!H7 -> 3.5719475e-08 | D5: ='6-Layer'!H10 -> 1.8826539e-07 | E5: ='6-Layer'!H9 -> 3.4704968e-08 | F5: =ABS((B5-D5)/SQRT(C5^2/B6+E5^2/D6)) -> 0.99617516 | G5: =_xlfn.T.INV.2T(0.1, B6+D6-2) -> 1.8124611 | H5: =IF(F5<=G5, TRUE, FALSE) -> TRUE
A6: # of samples | B6: ='8-Layer'!D6 -> 5 | D6: ='6-Layer'!D8 -> 7
B8: 8 Layers | D8: 4 Layers | F8: Comparison
B9: Mean | C9: StDev | D9: Mean | E9: StDev | F9: t_experimental | G9: t_theoretical | H9: Means equal?
A10: K_eff | B10: ='8-Layer'!$I$8 -> 3.0626314e-10 | C10: ='8-Layer'!I7 -> 1.1041322e-10 | D10: ='4-Layer'!I9 -> 3.295217e-10 | E10: ='4-Layer'!I8 -> 7.0206677e-11 | F10: =ABS((B10-D10)/SQRT(C10^2/B13+E10^2/D13)) -> 0.40737398 | G10: =_xlfn.T.INV.2T(0.1, B13+D13-2) -> 1.8331129 | H10: =IF(F10<=G10, TRUE, FALSE) -> TRUE
A11: K_fab | B11: ='8-Layer'!J8 -> 3.320181e-10 | C11: ='8-Layer'!J7 -> 1.2593014e-10 | D11: ='4-Layer'!J9 -> 3.575046e-10 | E11: ='4-Layer'!J8 -> 8.1369138e-11 | F11: =ABS((B11-D11)/SQRT(C11^2/B13+E11^2/D13)) -> 0.38979246 | G11: =_xlfn.T.INV.2T(0.1, B13+D13-2) -> 1.8331129 | H11: =IF(F11<=G11, TRUE, FALSE) -> TRUE
A12: Q_eff | B12: ='8-Layer'!H8 -> 1.6767471e-07 | C12: ='8-Layer'!H7 -> 3.5719475e-08 | D12: ='4-Layer'!H9 -> 1.8485739e-07 | E12: ='4-Layer'!H8 -> 1.0462851e-07 | F12: =ABS((B12-D12)/SQRT(C12^2/B13+E12^2/D13)) -> 0.37678275 | G12: =_xlfn.T.INV.2T(0.1, B13+D13-2) -> 1.8331129 | H12: =IF(F12<=G12, TRUE, FALSE) -> TRUE
A13: # of samples | B13: ='8-Layer'!D6 -> 5 | D13: ='4-Layer'!D7 -> 6
B15: 6 Layers | D15: 4 Layers | F15: Comparison
B16: Mean | C16: StDev | D16: Mean | E16: StDev | F16: t_experimental | G16: t_theoretical | H16: Means equal?
A17: K_eff | B17: ='6-Layer'!I10 -> 7.8865303e-10 | C17: ='6-Layer'!I9 -> 4.1796979e-10 | D17: ='4-Layer'!I9 -> 3.295217e-10 | E17: ='4-Layer'!I8 -> 7.0206677e-11 | F17: =(B17-D17)/SQRT(C17^2/B20+E17^2/D20) -> 2.8596208 | G17: =_xlfn.T.INV.2T(0.1, B20+D20-2) -> 1.7958848 | H17: =IF(F17<=G17, TRUE, FALSE) -> FALSE
A18: K_fab | B18: ='6-Layer'!J10 -> 1.0218386e-09 | C18: ='6-Layer'!J9 -> 6.0373325e-10 | D18: ='4-Layer'!J9 -> 3.575046e-10 | E18: ='4-Layer'!J8 -> 8.1369138e-11 | F18: =(B18-D18)/SQRT(C18^2/B20+E18^2/D20) -> 2.8809563 | G18: =_xlfn.T.INV.2T(0.1, B20+D20-2) -> 1.7958848 | H18: =IF(F18<=G18, TRUE, FALSE) -> FALSE
A19: Q_eff | B19: ='6-Layer'!H10 -> 1.8826539e-07 | C19: ='6-Layer'!H9 -> 3.4704968e-08 | D19: ='4-Layer'!H9 -> 1.8485739e-07 | E19: ='4-Layer'!H8 -> 1.0462851e-07 | F19: =(B19-D19)/SQRT(C19^2/B20+E19^2/D20) -> 0.076270376 | G19: =_xlfn.T.INV.2T(0.1, B20+D20-2) -> 1.7958848 | H19: =IF(F19<=G19, TRUE, FALSE) -> TRUE
A20: # of samples | B20: ='6-Layer'!D8 -> 7 | D20: ='4-Layer'!D7 -> 6

Sheet Explanations
A1: Column | B1: Explanation
A2: Distance (in) | B2: Input the distance resin flowed (in inches)
A3: Time (s) | B3: Input the time it took for the resin to flow the given distance (in seconds)
A4: Distance (m) | B4: Automatically calculated as Distance (in inches) * 0.0254
A5: Velocity (m/s) | B5: Automatically calculated as Distance (m) / Time (s)
A6: Flow Rate (m^3/s) | B6: Automatically calculated as Velocity (m/s) * Cross-sectional Area
A7: Keff (m^2) | B7: Automatically calculated using Darcy's Law (based on Flow Rate)
A8: Kfab (m^2) | B8: Automatically calculated using relationship between Keff and KDM
