Workbook

Sheet NEW_METRICS
B1: Customer Need | C1: Importance | D1: Metric 1 | E1: Unit 1 | F1: Metric 2 | G1: Unit 2
B2: The system should enable quick and efficient water transfer from the tank to the garden. | C2: 5 | D2: Water Transfer Rate | E2: Liters per minute (L/min) | F2: Time to Water Garden | G2: Minutes
B3: The system should provide consistent and reliable water distribution across the entire garden area. | C3: 5 | D3: Distribution Uniformity | E3: Percentage (%) | F3: Soil Moisture Variation | G3: % volumetric water content
B4: The system should minimize manual labor and physical effort required to operate. | C4: 4 | D4: Manual Operations Count | E4: Count | F4: Operational Effort Time | G4: Minutes
B5: The system should provide sufficient water pressure for effective delivery. | C5: 4 | D5: Water Pressure at Delivery | E5: Kilopascals (kPa)
B6: The system should maintain adequate flow rate for different watering methods. | C6: 4 | D6: Flow Rate per Method | E6: Liters per minute (L/min) | F6: Flow Rate Consistency | G6: Percentage (%) variation
B7: The system should function efficiently with varying water levels in the tank. | C7: 3 | D7: Performance at Varying Levels | E7: L/min and kPa at different levels | F7: Minimum Operational Water Level | G7: Liters (L)
B8: The system should be easy to operate for users without technical expertise. | C8: 4 | D8: Learning Time for New Users | E8: Minutes | F8: User Error Rate | G8: Errors per operation cycle
B9: The system should have straightforward controls for starting, stopping, and adjusting as needed. | C9: 3 | D9: Control Interface Count | E9: Count | F9: Operation Initiation Time | G9: Seconds
B10: The system should provide clear instructions and minimize operational steps. | C10: 3 | D10: Instruction Steps Count | E10: Count | F10: Instruction Clarity Rating | G10: Likert scale units (1–5)
B11: The system should require minimal maintenance for reliable operation. | C11: 4 | D11: Maintenance Frequency | E11: Times per year | F11: Maintenance Duration | G11: Minutes
B12: The system should be durable and resistant to wear and tear under normal conditions. | C12: 4 | D12: Expected Lifespan | E12: Years | F12: Warranty Period | G12: Years
B13: The system should allow easy troubleshooting of common issues. | C13: 3 | D13: Troubleshooting Time | E13: Minutes | F13: Diagnostic Tools Availability | G13: Yes/No
B14: The system should minimize environmental impact and align with sustainability goals. | C14: 4 | D14: Eco-Friendly Materials % | E14: Percentage (%) | F14: Potable Water Savings | G14: Liters per month
B15: The system should be compatible with rainwater harvesting practices. | C15: 3 | D15: Rainwater Utilization Rate | E15: Percentage (%) | F15: Compatibility Status | G15: Yes/No
B16: The system should be designed to minimize noise pollution. | C16: 3 | D16: Operating Noise Level | E16: Decibels (dB) | F16: Peak Noise Level | G16: Decibels (dB)
B17: The system should be cost-effective to implement within the given budget. | C17: 4 | D17: Initial Implementation Cost | E17: Dollars ($) | F17: Cost per Garden Area | G17: Dollars per square meter ($/m²)
... B22: The system should be safe to operate under various weather conditions. | C22: 4 | D22: Operational Temperature Range | E22: Degrees Celsius (°C) | F22: Weather Resistance Rating | G22: IP Rating (e.g., IP65)
B27: Customer Need | C27: Importance | D27: Metric | E27: Unit
B28: The system should enable quick and efficient water transfer from the tank to the garden. | C28: 5 | D28: Water Transfer Rate | E28: Liters per minute (L/min)
D29: Time to Water Garden | E29: Minutes
B30: The system should provide consistent and reliable water distribution across the entire garden area. | C30: 5 | D30: Distribution Uniformity | E30: Percentage (%)
D31: Soil Moisture Variation | E31: % volumetric water content
B32: The system should minimize manual labor and physical effort required to operate. | C32: 4 | D32: Manual Operations Count | E32: Count
D33: Operational Effort Time | E33: Minutes
B34: The system should provide sufficient water pressure for effective delivery. | C34: 4 | D34: Water Pressure at Delivery | E34: Kilopascals (kPa)
B35: The system should maintain adequate flow rate for different watering methods. | C35: 4 | D35: Flow Rate per Method | E35: Liters per minute (L/min)
D36: Flow Rate Consistency | E36: Percentage (%) variation
B37: The system should function efficiently with varying water levels in the tank. | C37: 3 | D37: Performance at Varying Levels | E37: L/min and kPa at different levels
D38: Minimum Operational Water Level | E38: Liters (L)
B39: The system should be easy to operate for users without technical expertise. | C39: 4 | D39: Learning Time for New Users | E39: Minutes
D40: User Error Rate | E40: Errors per operation cycle
B41: The system should have straightforward controls for starting, stopping, and adjusting as needed. | C41: 3 | D41: Control Interface Count | E41: Count
D42: Operation Initiation Time | E42: Seconds
B43: The system should provide clear instructions and minimize operational steps. | C43: 3 | D43: Instruction Steps Count | E43: Count
D44: Instruction Clarity Rating | E44: Likert scale units (1–5)
B45: The system should require minimal maintenance for reliable operation. | C45: 4 | D45: Maintenance Frequency | E45: Times per year
D46: Maintenance Duration | E46: Minutes
B47: The system should be durable and resistant to wear and tear under normal conditions. | C47: 4 | D47: Expected Lifespan | E47: Years
D48: Warranty Period | E48: Years
B49: The system should allow easy troubleshooting of common issues. | C49: 3 | D49: Troubleshooting Time | E49: Minutes
D50: Diagnostic Tools Availability | E50: Yes/No
B51: The system should minimize environmental impact and align with sustainability goals. | C51: 4 | D51: Eco-Friendly Materials % | E51: Percentage (%)
D52: Potable Water Savings | E52: Liters per month
B53: The system should be compatible with rainwater harvesting practices. | C53: 3 | D53: Rainwater Utilization Rate | E53: Percentage (%)
D54: Compatibility Status | E54: Yes/No
B55: The system should be designed to minimize noise pollution. | C55: 3 | D55: Operating Noise Level | E55: Decibels (dB)
D56: Peak Noise Level | E56: Decibels (dB)
B57: The system should be cost-effective to implement within the given budget. | C57: 4 | D57: Initial Implementation Cost | E57: Dollars ($)
D58: Cost per Garden Area | E58: Dollars per square meter ($/m²)
B59: The system should have low operational and maintenance costs over its lifetime. | C59: 4 | D59: Annual Operational Cost | E59: Dollars per year ($/year)
D60: Total Cost of Ownership | E60: Dollars ($)
B61: The system should provide good value through durability and efficiency. | C61: 3 | D61: Cost per Year of Lifespan | E61: Dollars per year ($/year)
D62: Water Use Efficiency | E62: Percentage (%)
B63: The system should comply with all relevant safety standards and regulations. | C63: 4 | D63: Standards Compliance Count | E63: Count
D64: Certification Status | E64: Yes/No
B65: The system should not pose any risks to pedestrians or garden users. | C65: 3 | D65: Hazard Count | E65: Count
D66: Risk Assessment Score | E66: Low/Medium/High
B67: The system should be safe to operate under various weather conditions. | C67: 4 | D67: Operational Temperature Range | E67: Degrees Celsius (°C)
D68: Weather Resistance Rating | E68: IP Rating (e.g., IP65)

Sheet Competitor assesment
B2: Requirements | C2: GARDENA 2000/2 | D2: Bosch GardenPump 18V | E2: Kärcher BP 2.000-18 | F2: VPC Pump A Way Manual Pump | G2: EZ Crank Manual Water Pump | H2: Gardener's Rain Barrel Hand Pump | I2: RainPerfect Solar Pump | J2: RainFlo Solar Pump System | K2: Rule Solar Powered Pump
C3: Battery | F3: Manual | I3: Solar
B4: Quick and Efficient Water Transfer | C4: 5 | D4: 5 | E4: 5 | F4: 3 | G4: 4 | H4: 3 | I4: 4 | J4: 5 | K4: 4
B5: Consistent and Reliable Water Distribution | C5: 5 | D5: 5 | E5: 5 | F5: 3 | G5: 4 | H5: 3 | I5: 4 | J5: 5 | K5: 4
B6: Minimize Manual Labor | C6: 5 | D6: 5 | E6: 5 | F6: 2 | G6: 2 | H6: 2 | I6: 5 | J6: 5 | K6: 5
B7: Sufficient Water Pressure | C7: 5 | D7: 5 | E7: 5 | F7: 2 | G7: 4 | H7: 3 | I7: 4 | J7: 5 | K7: 4
B8: Flow Rate for Different Watering Methods | C8: 5 | D8: 5 | E8: 5 | F8: 3 | G8: 4 | H8: 3 | I8: 4 | J8: 5 | K8: 4
B9: Efficient Functioning with Varying Water Levels | C9: 5 | D9: 5 | E9: 5 | F9: 3 | G9: 4 | H9: 3 | I9: 4 | J9: 5 | K9: 4
B10: Ease of Operation | C10: 5 | D10: 5 | E10: 5 | F10: 4 | G10: 4 | H10: 4 | I10: 5 | J10: 5 | K10: 5
B11: Straightforward Controls and Minimal Operational Steps | C11: 5 | D11: 5 | E11: 5 | F11: 4 | G11: 4 | H11: 4 | I11: 5 | J11: 5 | K11: 5
B12: Minimal Maintenance | C12: 4 | D12: 4 | E12: 4 | F12: 5 | G12: 5 | H12: 5 | I12: 5 | J12: 5 | K12: 5
B13: Durability | C13: 4 | D13: 4 | E13: 4 | F13: 4 | G13: 5 | H13: 4 | I13: 4 | J13: 5 | K13: 4
B14: Easy Troubleshooting | C14: 4 | D14: 4 | E14: 4 | F14: 5 | G14: 5 | H14: 5 | I14: 4 | J14: 4 | K14: 4
B15: Minimize Environmental Impact | C15: 5 | D15: 5 | E15: 5 | F15: 5 | G15: 5 | H15: 5 | I15: 5 | J15: 5 | K15: 5
... B21: Safe to Operate in Various Weather Conditions | C21: 5 | D21: 5 | E21: 5 | F21: 5 | G21: 5 | H21: 5 | I21: 5 | J21: 5 | K21: 5

Sheet CR-TR interactions
A1: Units | C1: L/min | D1: Minutes | E1: % | F1: % water | G1: Count | H1: Minutes | I1: Borg Scale | J1: kPa | K1: L/min | L1: % variation | M1: L/min and kPa | N1: Liters | O1: Minutes | P1: Errors/op cycle | Q1: Count | R1: Seconds | S1: Count | T1: Likert scale | U1: Times per year | V1: Minutes | W1: Years | X1: Years | Y1: Minutes | Z1: Yes/No | AA1: % | AB1: Liters/month | AC1: % | AD1: Yes/No | AE1: dB | AF1: $ | AG1: $/m² | AH1: $/year | AI1: $ | AJ1: $/year | AK1: % | AL1: Count | AM1: Yes/No | AN1: Count | AO1: low/hi | AP1: °C
A2: CR#/TR# | C2: Water Transfer Rate | D2: Time to Water Garden | E2: Distribution Uniformity | F2: Soil Moisture Variation | G2: Manual Operations Count | H2: Operational Effort Time | I2: Physical Exertion Level | J2: Water Pressure at Delivery | K2: Flow Rate per Method | L2: Flow Rate Consistency | M2: Performance at Varying Levels | N2: Minimum Operational Water Level | O2: Learning Time for New Users | P2: User Error Rate | Q2: Control Interface Count | R2: Operation Initiation Time | S2: Instruction Steps Count | T2: Instruction Clarity Rating | U2: Maintenance Frequency | V2: Maintenance Duration | W2: Expected Lifespan | X2: Warranty Period | Y2: Troubleshooting Time | Z2: Diagnostic Tools Availability | AA2: Eco-Friendly Materials % | AB2: Potable Water Savings | AC2: Rainwater Utilization Rate | AD2: Compatibility Status | AE2: Operating Noise Level | AF2: Initial Implementation Cost | AG2: Cost per Garden Area | AH2: Annual Operational Cost | AI2: Total Cost of Ownership | AJ2: Cost per Year of Lifespan | AK2: Water Use Efficiency | AL2: Standards Compliance Count | AM2: Certification Status | AN2: Hazard Count | AO2: Risk Assessment Score | AP2: Operational Temperature Range
A3: CR1 | B3: 5 | C3: 9 | D3: 9 | E3: 3 | F3: 3 | G3: 1 | H3: 1 | I3: 1 | J3: 9 | K3: 3 | L3: 3 | M3: 1 | N3: 0 | O3: 0 | P3: 0 | Q3: 1 | R3: 1 | S3: 0 | T3: 0 | U3: 0 | V3: 0 | W3: 0 | X3: 0 | Y3: 0 | Z3: 0 | AA3: 1 | AB3: 1 | AC3: 0 | AD3: 0 | AE3: 0 | AF3: 1 | AG3: 1 | AH3: 0 | AI3: 0 | AJ3: 0 | AK3: 3 | AL3: 1 | AM3: 1 | AN3: 1 | AO3: 0 | AP3: 0
A4: CR2 | B4: 5 | C4: 3 | D4: 3 | E4: 9 | F4: 9 | G4: 1 | H4: 1 | I4: 1 | J4: 3 | K4: 9 | L4: 3 | M4: 1 | N4: 0 | O4: 0 | P4: 0 | Q4: 1 | R4: 1 | S4: 0 | T4: 0 | U4: 0 | V4: 0 | W4: 0 | X4: 0 | Y4: 0 | Z4: 0 | AA4: 1 | AB4: 1 | AC4: 0 | AD4: 0 | AE4: 0 | AF4: 1 | AG4: 1 | AH4: 0 | AI4: 0 | AJ4: 0 | AK4: 9 | AL4: 1 | AM4: 1 | AN4: 1 | AO4: 0 | AP4: 0
A5: CR3 | B5: 4 | C5: 1 | D5: 1 | E5: 0 | F5: 0 | G5: 9 | H5: 9 | I5: 3 | J5: 1 | K5: 1 | L5: 1 | M5: 1 | N5: 3 | O5: 3 | P5: 1 | Q5: 9 | R5: 9 | S5: 0 | T5: 0 | U5: 0 | V5: 0 | W5: 0 | X5: 0 | Y5: 0 | Z5: 0 | AA5: 1 | AB5: 1 | AC5: 0 | AD5: 0 | AE5: 0 | AF5: 3 | AG5: 3 | AH5: 1 | AI5: 1 | AJ5: 1 | AK5: 3 | AL5: 1 | AM5: 1 | AN5: 1 | AO5: 0 | AP5: 0
A6: CR4 | B6: 4 | C6: 3 | D6: 3 | E6: 3 | F6: 3 | G6: 1 | H6: 1 | I6: 1 | J6: 9 | K6: 9 | L6: 3 | M6: 1 | N6: 0 | O6: 0 | P6: 0 | Q6: 1 | R6: 1 | S6: 0 | T6: 0 | U6: 0 | V6: 0 | W6: 0 | X6: 0 | Y6: 0 | Z6: 0 | AA6: 1 | AB6: 1 | AC6: 0 | AD6: 0 | AE6: 0 | AF6: 1 | AG6: 1 | AH6: 0 | AI6: 0 | AJ6: 0 | AK6: 3 | AL6: 1 | AM6: 1 | AN6: 1 | AO6: 0 | AP6: 0
A7: CR5 | B7: 4 | C7: 3 | D7: 3 | E7: 3 | F7: 3 | G7: 1 | H7: 1 | I7: 1 | J7: 3 | K7: 9 | L7: 9 | M7: 1 | N7: 0 | O7: 0 | P7: 0 | Q7: 1 | R7: 1 | S7: 0 | T7: 0 | U7: 0 | V7: 0 | W7: 0 | X7: 0 | Y7: 0 | Z7: 0 | AA7: 1 | AB7: 1 | AC7: 0 | AD7: 0 | AE7: 0 | AF7: 1 | AG7: 1 | AH7: 0 | AI7: 0 | AJ7: 0 | AK7: 9 | AL7: 1 | AM7: 1 | AN7: 1 | AO7: 0 | AP7: 0
A8: CR6 | B8: 3 | C8: 1 | D8: 1 | E8: 1 | F8: 1 | G8: 0 | H8: 0 | I8: 0 | J8: 3 | K8: 3 | L8: 3 | M8: 9 | N8: 9 | O8: 0 | P8: 0 | Q8: 1 | R8: 1 | S8: 0 | T8: 0 | U8: 0 | V8: 0 | W8: 0 | X8: 0 | Y8: 0 | Z8: 0 | AA8: 1 | AB8: 1 | AC8: 9 | AD8: 9 | AE8: 0 | AF8: 1 | AG8: 1 | AH8: 0 | AI8: 0 | AJ8: 0 | AK8: 9 | AL8: 1 | AM8: 1 | AN8: 1 | AO8: 9 | AP8: 9
A9: CR7 | B9: 4 | C9: 0 | D9: 0 | E9: 0 | F9: 0 | G9: 3 | H9: 3 | I9: 3 | J9: 0 | K9: 0 | L9: 0 | M9: 0 | N9: 0 | O9: 9 | P9: 9 | Q9: 9 | R9: 9 | S9: 3 | T9: 3 | U9: 0 | V9: 0 | W9: 0 | X9: 0 | Y9: 0 | Z9: 0 | AA9: 1 | AB9: 1 | AC9: 0 | AD9: 0 | AE9: 0 | AF9: 3 | AG9: 3 | AH9: 0 | AI9: 0 | AJ9: 0 | AK9: 1 | AL9: 1 | AM9: 1 | AN9: 1 | AO9: 0 | AP9: 0
A10: CR8 | B10: 3 | C10: 1 | D10: 1 | E10: 0 | F10: 0 | G10: 3 | H10: 3 | I10: 1 | J10: 1 | K10: 1 | L10: 0 | M10: 0 | N10: 0 | O10: 3 | P10: 3 | Q10: 9 | R10: 9 | S10: 1 | T10: 1 | U10: 0 | V10: 0 | W10: 0 | X10: 0 | Y10: 0 | Z10: 0 | AA10: 1 | AB10: 1 | AC10: 0 | AD10: 0 | AE10: 0 | AF10: 3 | AG10: 3 | AH10: 0 | AI10: 0 | AJ10: 0 | AK10: 1 | AL10: 1 | AM10: 1 | AN10: 1 | AO10: 0 | AP10: 0
A11: CR9 | B11: 3 | C11: 1 | D11: 1 | E11: 0 | F11: 0 | G11: 1 | H11: 1 | I11: 0 | J11: 1 | K11: 1 | L11: 0 | M11: 0 | N11: 0 | O11: 3 | P11: 3 | Q11: 3 | R11: 3 | S11: 9 | T11: 9 | U11: 0 | V11: 0 | W11: 0 | X11: 0 | Y11: 0 | Z11: 0 | AA11: 1 | AB11: 1 | AC11: 0 | AD11: 0 | AE11: 0 | AF11: 3 | AG11: 3 | AH11: 0 | AI11: 0 | AJ11: 0 | AK11: 1 | AL11: 1 | AM11: 1 | AN11: 1 | AO11: 0 | AP11: 0
A12: CR10 | B12: 4 | C12: 1 | D12: 1 | E12: 1 | F12: 1 | G12: 1 | H12: 1 | I12: 1 | J12: 1 | K12: 1 | L12: 0 | M12: 0 | N12: 0 | O12: 0 | P12: 0 | Q12: 1 | R12: 1 | S12: 1 | T12: 1 | U12: 9 | V12: 9 | W12: 3 | X12: 3 | Y12: 3 | Z12: 3 | AA12: 1 | AB12: 1 | AC12: 0 | AD12: 0 | AE12: 0 | AF12: 1 | AG12: 1 | AH12: 0 | AI12: 0 | AJ12: 0 | AK12: 1 | AL12: 1 | AM12: 1 | AN12: 1 | AO12: 0 | AP12: 0
A13: CR11 | B13: 4 | C13: 1 | D13: 1 | E13: 1 | F13: 1 | G13: 1 | H13: 1 | I13: 1 | J13: 1 | K13: 1 | L13: 0 | M13: 0 | N13: 0 | O13: 0 | P13: 1 | Q13: 1 | R13: 1 | S13: 1 | T13: 3 | U13: 3 | V13: 9 | W13: 9 | X13: 3 | Y13: 3 | Z13: 1 | AA13: 1 | AB13: 0 | AC13: 0 | AD13: 0 | AE13: 0 | AF13: 1 | AG13: 1 | AH13: 0 | AI13: 0 | AJ13: 0 | AK13: 1 | AL13: 1 | AM13: 1 | AN13: 1 | AO13: 0 | AP13: 0
A14: CR12 | B14: 3 | C14: 1 | D14: 1 | E14: 0 | F14: 0 | G14: 1 | H14: 1 | I14: 1 | J14: 1 | K14: 1 | L14: 0 | M14: 0 | N14: 0 | O14: 0 | P14: 1 | Q14: 1 | R14: 1 | S14: 1 | T14: 3 | U14: 3 | V14: 3 | W14: 3 | X14: 9 | Y14: 9 | Z14: 1 | AA14: 1 | AB14: 0 | AC14: 0 | AD14: 0 | AE14: 0 | AF14: 1 | AG14: 1 | AH14: 0 | AI14: 0 | AJ14: 0 | AK14: 1 | AL14: 1 | AM14: 1 | AN14: 1 | AO14: 0 | AP14: 0
... A23: CR21 | B23: 4 | C23: 1 | D23: 1 | E23: 0 | F23: 0 | G23: 1 | H23: 1 | I23: 1 | J23: 1 | K23: 1 | L23: 0 | M23: 0 | N23: 0 | O23: 0 | P23: 1 | Q23: 1 | R23: 1 | S23: 1 | T23: 1 | U23: 1 | V23: 3 | W23: 3 | X23: 3 | Y23: 3 | Z23: 1 | AA23: 1 | AB23: 0 | AC23: 0 | AD23: 0 | AE23: 0 | AF23: 1 | AG23: 1 | AH23: 0 | AI23: 0 | AJ23: 0 | AK23: 0 | AL23: 1 | AM23: 1 | AN23: 9 | AO23: 9 | AP23: 3
A24: Raw | B24: Importance | C24: {=SUM($B$3:$B$23*C3:C23)} -> 136 | D24: {=SUM($B$3:$B$23*D3:D23)} -> 136 | E24: {=SUM($B$3:$B$23*E3:E23)} -> 98 | F24: {=SUM($B$3:$B$23*F3:F23)} -> 98 | G24: {=SUM($B$3:$B$23*G3:G23)} -> 121 | H24: {=SUM($B$3:$B$23*H3:H23)} -> 121 | I24: {=SUM($B$3:$B$23*I3:I23)} -> 84 | J24: {=SUM($B$3:$B$23*J3:J23)} -> 166 | ... AP24: {=SUM($B$3:$B$23*AP3:AP23)} -> 39
A25: % | C25: =C24/SUM($C$24:$AP$24) -> 0.032181732 | D25: =D24/SUM($C$24:$AP$24) -> 0.032181732 | E25: =E24/SUM($C$24:$AP$24) -> 0.023189778 | F25: =F24/SUM($C$24:$AP$24) -> 0.023189778 | G25: =G24/SUM($C$24:$AP$24) -> 0.028632276 | H25: =H24/SUM($C$24:$AP$24) -> 0.028632276 | I25: =I24/SUM($C$24:$AP$24) -> 0.019876952 | J25: =J24/SUM($C$24:$AP$24) -> 0.039280644 | ... AP25: =AP24/SUM($C$24:$AP$24) -> 0.009228585
A26: Rank | C26: =_xlfn.RANK.EQ(C24, $C$24:$AP$24) -> 10 | D26: =_xlfn.RANK.EQ(D24, $C$24:$AP$24) -> 10 | E26: =_xlfn.RANK.EQ(E24, $C$24:$AP$24) -> 20 | F26: =_xlfn.RANK.EQ(F24, $C$24:$AP$24) -> 20 | G26: =_xlfn.RANK.EQ(G24, $C$24:$AP$24) -> 16 | H26: =_xlfn.RANK.EQ(H24, $C$24:$AP$24) -> 16 | I26: =_xlfn.RANK.EQ(I24, $C$24:$AP$24) -> 27 | J26: =_xlfn.RANK.EQ(J24, $C$24:$AP$24) -> 5 | ... AP26: =_xlfn.RANK.EQ(AP24, $C$24:$AP$24) -> 38

Sheet Technical Assesment and ranges
D2: Competitor Assesment | H2: Product Requirement
B3: Technical Requirement | C3: Units | D3: Overall Range | E3: Battery-Powered | F3: Manual | G3: Solar-Powered | H3: Target Range | I3: Fallback Range | J3: References
B4: Water Transfer Rate | C4: L/min | D4: 1 – 35 | E4: 30 – 35 | F4: 1 – 15 | G4: 10 – 15 | H4: 50 – 60 | I4: 30 – 49 | J4: A.1, B2
B5: Time to Water Garden | C5: Minutes | D5: 15 – 60 | E5: 15 – 30 | F5: 30 – 60 | G5: 20 – 40 | H5: ≤15 | I5: 16 – 30 | J5: A.2
B6: Distribution Uniformity | C6: % | D6: 60% – 90% | E6: 80% – 90% | F6: 60% – 75% | G6: 75% – 85% | H6: 85% – 90% | I6: 75% – 84% | J6: A.10, B4
B7: Soil Moisture Variation | C7: % water | D7: ±5% – ±15% | E7: ±5% | F7: ±15% | G7: ±10% | H7: ±0% – ±5% | I7: ±5% – ±10% | J7: A.10, B4
B8: Manual Operations Count | C8: Count | D8: 1 – High | E8: 1 – 2 | F8: Continuous | G8: 1 – 2 | H8: 1 – 2 | I8: 3 – 4 | J8: B11, B12
B9: Operational Effort Time | C9: Minutes | D9: 1 – 60 | E9: 1 – 2 | F9: 30 – 60 | G9: 1 – 2 | H9: ≤2 | I9: 3 – 5 | J9: B11, B12
B10: Physical Exertion Level | C10: Borg Scale | D10: 6 – 15 | E10: 6 | F10: 13 – 15 | G10: 6 | H10: 6 – 9 | I10: 10 – 11 | J10: B12, B13
B11: Water Pressure at Delivery | C11: kPa | D11: 50 – 250 | E11: 200 – 250 | F11: 50 – 100 | G11: 100 – 150 | H11: 300 – 400 | I11: 200 – 299 | J11: A.3, B2
B12: Flow Rate per Method | C12: L/min | D12: 1 – 35 | E12: 30 – 35 | F12: 1 – 15 | G12: 10 – 15 | H12: 50 – 60 | I12: 30 – 49 | J12: A.1, A.4
B13: Flow Rate Consistency | C13: % variation | D13: ±5% – ±20% | E13: ±5% | F13: ±20% | G13: ±10% | H13: ±0% – ±5% | I13: ±5% – ±10% | J13: A.10, B4
B14: Performance at Varying Levels | C14: L/min and kPa | D14: Varies | E14: Consistent | F14: Decreases | G14: Moderate | H14: Consistent | I14: Minor decrease | J14: A.4, B2
B15: Minimum Operational Water Level | C15: Liters | D15: 5 – 20 | E15: 10 – 20 | F15: 5 – 10 | G15: 10 – 15 | H15: ≤100 | I15: 101 – 200 | J15: A.7, B5
B16: Learning Time for New Users | C16: Minutes | D16: 5 – 20 | E16: 5 – 10 | F16: 5 – 15 | G16: 10 – 20 | H16: ≤5 | I16: 6 – 10 | J16: B11, B13
B17: User Error Rate | C17: Errors/op cycle | D17: 0.01-0.05 | E17: Low (0.01) | F17: Moderate (0.05) | G17: Low (0.02) | H17: ≤0.01 | I17: 0.011 – 0.02 | J17: B12, B14
B18: Control Interface Count | C18: Count | D18: 1 – 3 | E18: 1 – 2 | F18: 1 | G18: 1 – 3 | H18: 1 – 2 | I18: 2-5 | J18: B11, B14
B19: Operation Initiation Time | C19: Seconds | D19: Immediate – 20 | E19: 5 – 10 | F19: Immediate | G19: 10 – 20 | H19: ≤5 | I19: 6 – 10 | J19: B11, B13
B20: Instruction Steps Count | C20: Count | D20: 2 – 6 | E20: 3 – 5 | F20: 2 – 4 | G20: 4 – 6 | H20: ≤3 | I20: 4 – 5 | J20: B11, B14
B21: Instruction Clarity Rating | C21: Likert scale | D21: 4 – 5 | E21: 4 – 5 | F21: 4 – 5 | G21: 4 – 5 | H21: 4-5 | I21: 2-4 | J21: B11, B13
B22: Maintenance Frequency | C22: Times per year | D22: 1 – 4 | E22: 2 – 4 | F22: 1 – 2 | G22: 2 – 3 | H22: 1-2 | I22: 2-6 | J22: A.9
B23: Maintenance Duration | C23: Minutes | D23: 10 – 30 | E23: 15 – 30 | F23: 10 – 20 | G23: 20 – 30 | H23: ≤30 | I23: 31 – 60 | J23: A.9
B24: Expected Lifespan | C24: Years | D24: 3 – 10 | E24: 3 – 5 | F24: 5 – 10 | G24: 3 – 7 | H24: 5 – 10 | I24: 3 – 4 | J24: A.9
B25: Warranty Period | C25: Years | D25: 1 – 3 | E25: 2 – 3 | F25: 1 – 2 | G25: 1 – 3 | H25: 3+ | I25: 0-3 | J25: N/A
B26: Troubleshooting Time | C26: Minutes | D26: 10 – 40 | E26: 15 – 30 | F26: 10 – 20 | G26: 20 – 40 | H26: ≤10 | I26: 11 – 20 | J26: B12, B14
B27: Diagnostic Tools Availability | C27: Yes/No | D27: Yes/No | E27: Yes | F27: No | G27: Yes | H27: Yes | I27: No | J27: B12, B14
B28: Eco-Friendly Materials % | C28: % | D28: 60% – 80% | E28: 60% – 80% | F28: 60% – 80% | G28: 60% – 80% | H28: 80% – 100% | I28: 60% – 79% | J28: B10
B29: Potable Water Savings | C29: Liters/month | D29: 1,000 – 3,000 | E29: 1,000 – 3,000 | F29: 1,000 – 3,000 | G29: 1,000 – 3,000 | H29: ≥3,000 | I29: 2,000 – 2,999 | J29: A.6, B5
B30: Rainwater Utilization Rate | C30: % | D30: 80% – 95% | E30: 80% – 95% | F30: 80% – 95% | G30: 80% – 95% | H30: 90% – 100% | I30: 80% – 89% | J30: A.7, B5
... B34: Cost per Garden Area | C34: $/m² | D34: $1 – $5 | E34: $1 – $5 | F34: $1 – $5 | G34: $1 – $5 | H34: $0 – $5 | I34: $6 – $10 | J34: A.9
B35: Annual Operational Cost | C35: $/year | D35: $0 – $20 | E35: $10 – $20 | F35: 0 | G35: $0 – $10 | H35: ≤50 | I35: 51 – 100 | J35: A.5
B36: Total Cost of Ownership | C36: $ | D36: $30 – $350 | E36: $200 – $350 | F36: $30 – $150 | G36: $170 – $350 | H36: ≤1,500 | I36: 1,501 – 2,000 | J36: A.9
B37: Cost per Year of Lifespan | C37: $/year | D37: $6 – $70 | E37: $40 – $70 | F37: $6 – $30 | G37: $34 – $70 | H37: ≤150 | I37: 151 – 200 | J37: A.9
B38: Water Use Efficiency | C38: % | D38: 70% – 90% | E38: 80% – 90% | F38: 70% – 80% | G38: 75% – 85% | H38: 90% – 100% | I38: 80% – 89% | J38: A.10, B4
B39: Standards Compliance Count | C39: Count | D39: 1 – 3 | E39: 2 – 3 | F39: 1 – 2 | G39: 2 – 3 | H39: All standards | I39: All critical standards | J39: B6
B40: Certification Status | C40: Yes/No | D40: Yes | E40: Yes | F40: Yes | G40: Yes | H40: Yes | I40: Yes | J40: B6
B41: Hazard Count | C41: Count | D41: 1 – 2 | E41: 1 – 2 | F41: 1 | G41: 1 – 2 | H41: 0 – 1 | I41: 1-3 | J41: A.9
B42: Risk Assessment Score | C42: Low/High | D42: Low | E42: Low | F42: Low | G42: Low | H42: Low | I42: Moderate | J42: A.9
B43: Operational Temperature Range | C43: °C | D43: 0°C – 40°C | E43: 0°C – 40°C | F43: 0°C – 40°C | G43: 0°C – 40°C | H43: -5 to 40 | I43: 0 to 35 | J43: A.11, B10

Sheet Tech Req
A1: CR # | B1: Metric | C1: Unit
A2: 1 | B2: Water Transfer Rate | C2: L/min
A3: 2 | B3: Time to Water Garden | C3: Minutes
A4: 3 | B4: Distribution Uniformity | C4: %
A5: 4 | B5: Soil Moisture Variation | C5: % water content
A6: 5 | B6: Manual Operations Count | C6: Count
A7: 6 | B7: Operational Effort Time | C7: Minutes
A8: 7 | B8: Physical Exertion Level | C8: Borg Scale units (6–20)
A9: 8 | B9: Water Pressure at Delivery | C9: kPa
A10: 9 | B10: Flow Rate per Method | C10: L/min
A11: 10 | B11: Flow Rate Consistency | C11: % variation
A12: 11 | B12: Performance at Varying Levels | C12: L/min and kPa
A13: 12 | B13: Minimum Operational Water Level | C13: Liters
... A41: 40 | B41: Operational Temperature Range | C41: °C

Sheet TR-TR
A1: 1 | B1: o
A2: 2 | B2: ++ | C2: o
A3: 3 | B3: + | C3: + | D3: o
A4: 4 | B4: o | C4: o | D4: ++ | E4: o
A5: 5 | B5: - | C5: - | D5: o | E5: - | F5: o
A6: 6 | B6: - | C6: - | D6: o | E6: - | F6: ++ | G6: o
A7: 7 | B7: - | C7: - | D7: o | E7: - | F7: ++ | G7: ++ | H7: o
A8: 8 | B8: + | C8: + | D8: + | E8: o | F8: o | G8: o | H8: o | I8: o
A9: 9 | B9: ++ | C9: ++ | D9: + | E9: o | F9: - | G9: - | H9: - | I9: ++ | J9: o
A10: 10 | B10: + | C10: + | D10: ++ | E10: o | F10: - | G10: - | H10: - | I10: + | J10: ++ | K10: o
A11: 11 | B11: ++ | C11: ++ | D11: + | E11: o | F11: - | G11: - | H11: - | I11: ++ | J11: ++ | K11: ++ | L11: o
A12: 12 | B12: o | C12: o | D12: o | E12: o | F12: o | G12: o | H12: o | I12: o | J12: o | K12: o | L12: o | M12: o
A13: 13 | B13: o | C13: o | D13: o | E13: o | F13: + | G13: + | H13: o | I13: o | J13: o | K13: o | L13: + | M13: o | N13: o
A14: 14 | B14: - | C14: - | D14: o | E14: - | F14: + | G14: + | H14: + | I14: - | J14: - | K14: - | L14: - | M14: o | N14: ++ | O14: o
A15: 15 | B15: - | C15: - | D15: o | E15: o | F15: + | G15: + | H15: + | I15: - | J15: - | K15: - | L15: - | M15: o | N15: + | O15: + | P15: o
A16: 16 | B16: - | C16: - | D16: o | E16: o | F16: + | G16: + | H16: o | I16: o | J16: o | K16: o | L16: - | M16: o | N16: o | O16: + | P16: + | Q16: o
A17: 17 | B17: - | C17: - | D17: o | E17: o | F17: + | G17: + | H17: o | I17: - | J17: - | K17: - | L17: - | M17: o | N17: + | O17: + | P17: + | Q17: + | R17: o
A18: 18 | B18: + | C18: + | D18: + | E18: + | F18: + | G18: + | H18: o | I18: + | J18: + | K18: + | L18: + | M18: o | N18: - | O18: - | P18: + | Q18: - | R18: - | S18: o
A19: 19 | B19: - | C19: - | D19: o | E19: o | F19: - | G19: - | H19: o | I19: - | J19: - | K19: o | L19: - | M19: o | N19: o | O19: o | P19: - | Q19: o | R19: o | S19: + | T19: o
A20: 20 | B20: - | C20: o | D20: o | E20: o | F20: - | G20: - | H20: o | I20: - | J20: - | K20: o | L20: - | M20: o | N20: o | O20: o | P20: - | Q20: o | R20: o | S20: + | T20: + | U20: o
A21: 21 | B21: - | C21: o | D21: o | E21: o | F21: - | G21: - | H21: o | I21: - | J21: - | K21: o | L21: - | M21: o | N21: o | O21: - | P21: - | Q21: o | R21: o | S21: + | T21: - | U21: - | V21: o
A22: 22 | B22: o | C22: o | D22: o | E22: o | F22: o | G22: o | H22: o | I22: o | J22: o | K22: o | L22: o | M22: o | N22: o | O22: o | P22: o | Q22: o | R22: o | S22: o | T22: o | U22: o | V22: + | W22: o
A23: 23 | B23: - | C23: o | D23: o | E23: o | F23: - | G23: - | H23: o | I23: - | J23: - | K23: - | L23: - | M23: o | N23: o | O23: - | P23: - | Q23: o | R23: o | S23: + | T23: - | U23: - | V23: - | W23: o | X23: o
A24: 24 | B24: + | C24: o | D24: + | E24: + | F24: + | G24: + | H24: o | I24: + | J24: + | K24: + | L24: + | M24: o | N24: o | O24: - | P24: + | Q24: o | R24: o | S24: + | T24: + | U24: + | V24: + | W24: o | X24: ++ | Y24: o
A25: 25 | B25: o | C25: o | D25: o | E25: o | F25: o | G25: o | H25: o | I25: o | J25: o | K25: o | L25: o | M25: o | N25: o | O25: o | P25: o | Q25: o | R25: o | S25: o | T25: o | U25: o | V25: + | W25: o | X25: o | Y25: o | Z25: o
A26: 26 | B26: + | C26: + | D26: + | E26: + | F26: - | G26: - | H26: o | I26: + | J26: + | K26: + | L26: + | M26: o | N26: o | O26: - | P26: o | Q26: o | R26: o | S26: + | T26: o | U26: o | V26: o | W26: o | X26: o | Y26: + | Z26: + | AA26: o
A27: 27 | B27: + | C27: + | D27: + | E27: + | F27: - | G27: - | H27: o | I27: + | J27: + | K27: + | L27: + | M27: o | N27: o | O27: - | P27: o | Q27: o | R27: o | S27: + | T27: o | U27: o | V27: o | W27: o | X27: o | Y27: + | Z27: + | AA27: ++ | AB27: o
A28: 28 | B28: + | C28: + | D28: + | E28: + | F28: o | G28: o | H28: o | I28: + | J28: + | K28: + | L28: + | M28: o | N28: o | O28: o | P28: o | Q28: o | R28: o | S28: o | T28: + | U28: + | V28: + | W28: o | X28: + | Y28: + | Z28: o | AA28: + | AB28: + | AC28: o
A29: 29 | B29: o | C29: o | D29: o | E29: o | F29: o | G29: o | H29: o | I29: o | J29: o | K29: o | L29: o | M29: o | N29: o | O29: o | P29: o | Q29: o | R29: o | S29: o | T29: o | U29: o | V29: o | W29: o | X29: o | Y29: o | Z29: o | AA29: o | AB29: o | AC29: o | AD29: o
A30: 30 | B30: - | C30: - | D30: - | E30: - | F30: o | G30: o | H30: o | I30: - | J30: - | K30: - | L30: - | M30: o | N30: o | O30: o | P30: - | Q30: o | R30: o | S30: o | T30: o | U30: o | V30: + | W30: + | X30: o | Y30: + | Z30: + | AA30: o | AB30: o | AC30: o | AD30: + | AE30: o
A31: 31 | B31: - | C31: - | D31: - | E31: - | F31: o | G31: o | H31: o | I31: - | J31: - | K31: - | L31: - | M31: o | N31: o | O31: o | P31: - | Q31: o | R31: o | S31: o | T31: o | U31: o | V31: + | W31: + | X31: o | Y31: + | Z31: + | AA31: o | AB31: o | AC31: o | AD31: + | AE31: + | AF31: o
A32: 32 | B32: - | C32: o | D32: o | E32: o | F32: + | G32: + | H32: o | I32: - | J32: - | K32: o | L32: - | M32: o | N32: o | O32: + | P32: + | Q32: o | R32: o | S32: - | T32: + | U32: + | V32: - | W32: o | X32: + | Y32: - | Z32: o | AA32: - | AB32: - | AC32: o | AD32: o | AE32: o | AF32: o | AG32: o
A33: 33 | B33: - | C33: - | D33: - | E33: - | F33: + | G33: + | H33: o | I33: - | J33: - | K33: - | L33: - | M33: o | N33: o | O33: + | P33: + | Q33: o | R33: o | S33: - | T33: + | U33: + | V33: - | W33: + | X33: + | Y33: + | Z33: + | AA33: - | AB33: - | AC33: o | AD33: o | AE33: + | AF33: + | AG33: + | AH33: o
A34: 34 | B34: - | C34: o | D34: o | E34: o | F34: + | G34: + | H34: o | I34: - | J34: - | K34: o | L34: - | M34: o | N34: o | O34: + | P34: + | Q34: o | R34: o | S34: - | T34: + | U34: + | V34: - | W34: o | X34: + | Y34: - | Z34: + | AA34: - | AB34: - | AC34: o | AD34: o | AE34: + | AF34: + | AG34: + | AH34: + | AI34: o
A35: 35 | B35: ++ | C35: + | D35: ++ | E35: ++ | F35: - | G35: - | H35: o | I35: + | J35: ++ | K35: ++ | L35: + | M35: o | N35: o | O35: - | P35: o | Q35: o | R35: o | S35: + | T35: o | U35: o | V35: o | W35: o | X35: - | Y35: + | Z35: o | AA35: ++ | AB35: ++ | AC35: + | AD35: o | AE35: o | AF35: o | AG35: - | AH35: - | AI35: - | AJ35: o
A36: 36 | B36: + | C36: + | D36: + | E36: + | F36: o | G36: o | H36: o | I36: + | J36: + | K36: + | L36: + | M36: o | N36: o | O36: o | P36: o | Q36: o | R36: o | S36: o | T36: o | U36: o | V36: + | W36: + | X36: o | Y36: + | Z36: + | AA36: + | AB36: + | AC36: + | AD36: + | AE36: o | AF36: o | AG36: o | AH36: o | AI36: o | AJ36: + | AK36: o
A37: 37 | B37: + | C37: + | D37: + | E37: + | F37: o | G37: o | H37: o | I37: + | J37: + | K37: + | L37: + | M37: o | N37: o | O37: o | P37: o | Q37: o | R37: o | S37: o | T37: o | U37: o | V37: + | W37: + | X37: o | Y37: + | Z37: + | AA37: + | AB37: + | AC37: + | AD37: + | AE37: o | AF37: o | AG37: o | AH37: o | AI37: o | AJ37: + | AK37: + | AL37: o
A38: 38 | B38: + | C38: o | D38: o | E38: o | F38: + | G38: + | H38: o | I38: + | J38: + | K38: o | L38: + | M38: o | N38: o | O38: + | P38: + | Q38: o | R38: o | S38: - | T38: + | U38: + | V38: + | W38: o | X38: + | Y38: - | Z38: o | AA38: o | AB38: o | AC38: - | AD38: o | AE38: o | AF38: o | AG38: o | AH38: o | AI38: o | AJ38: - | AK38: - | AL38: - | AM38: o
A39: 39 | B39: + | C39: o | D39: o | E39: o | F39: + | G39: + | H39: o | I39: + | J39: + | K39: o | L39: + | M39: o | N39: o | O39: + | P39: + | Q39: o | R39: o | S39: - | T39: + | U39: + | V39: + | W39: o | X39: + | Y39: - | Z39: o | AA39: o | AB39: o | AC39: - | AD39: o | AE39: o | AF39: o | AG39: o | AH39: o | AI39: o | AJ39: - | AK39: - | AL39: - | AM39: + | AN39: o
A40: 40 | B40: o | C40: o | D40: o | E40: o | F40: o | G40: o | H40: o | I40: o | J40: o | K40: o | L40: o | M40: o | N40: o | O40: o | P40: o | Q40: o | R40: o | S40: o | T40: + | U40: + | V40: + | W40: o | X40: + | Y40: o | Z40: o | AA40: o | AB40: o | AC40: o | AD40: o | AE40: o | AF40: o | AG40: + | AH40: + | AI40: + | AJ40: o | AK40: + | AL40: + | AM40: + | AN40: + | AO40: o
A41: TR# | B41: 1 | C41: 2 | D41: 3 | E41: 4 | F41: 5 | G41: 6 | H41: 7 | I41: 8 | J41: 9 | K41: 10 | L41: 11 | M41: 12 | N41: 13 | O41: 14 | P41: 15 | Q41: 16 | R41: 17 | S41: 18 | T41: 19 | U41: 20 | V41: 21 | W41: 22 | X41: 23 | Y41: 24 | Z41: 25 | AA41: 26 | AB41: 27 | AC41: 28 | AD41: 29 | AE41: 30 | AF41: 31 | AG41: 32 | AH41: 33 | AI41: 34 | AJ41: 35 | AK41: 36 | AL41: 37 | AM41: 38 | AN41: 39 | AO41: 40

Sheet Metrics_Voting
A1: EMCH 427 Facilities Rain Barrel | C1: Ranking | D1: Name | E1: Rank | F1: Metrics | G1: Units | H1: Name | I1: Rank | J1: Metrics | K1: Units | L1: Name | M1: Rank | N1: Metrics | O1: Units | P1: Name | Q1: Rank | R1: Metrics | S1: Units
A2: Category: | B2: Operational Efficiency
A3: 1 | B3: The system should enable quick and efficient water transfer from the tank to the garden. | C3: =AVERAGE(E3,I3,M3,Q3) -> 4 | D3: JVAUGHT | E3: 5 | F3: Time to transfer 2 gallons | G3: seconds | H3: WWENZEL | I3: 5 | J3: Average flow rate during transfer | K3: GPM | L3: TBHARMON | M3: 3 | N3: Energy consumption per 2 gallons transferred | O3: kWH | P3: PRESSTON | Q3: 3 | R3: Maximum throughput capacity of the system | S3: GPH
A4: 2 | B4: The system should provide consistent and reliable water distribution across the entire garden area. | C4: =AVERAGE(E4,I4,M4,Q4) -> 3.25 | D4: JVAUGHT | E4: 2 | F4: Distribution Uniformity (DU) coefficient | G4: Percentage | H4: WWENZEL | I4: 3 | J4: Variance in water application rates between zones | K4: GPM | L4: TBHARMON | M4: 3 | N4: Number of dry or overwatered spots detected | O4: Count | P4: PRESSTON | Q4: 5 | R4: System reliability (uptime percentage) | S4: Percentage
A5: 3 | B5: The system should minimize manual labor and physical effort required to operate. | C5: =AVERAGE(E5,I5,M5,Q5) -> 4 | D5: JVAUGHT | E5: 5 | F5: Physical force required to operate controls | G5: lbf | H5: WWENZEL | I5: 2 | J5: Number of manual operations per watering cycle | K5: Count | L5: TBHARMON | M5: 5 | N5: Total operator time per watering session | O5: Minutes | P5: PRESSTON | Q5: 4 | R5: Operator perceived exertion rating | S5: Borg RPE scale (6-20)
A6: Category: | B6: Pressure and Flow | D6: Ashmore, Makayla
A7: 4 | B7: The system should provide sufficient water pressure for effective delivery. | C7: =AVERAGE(E7,I7,M7,Q7) -> 3.75 | D7: JVAUGHT | E7: 5 | F7: Operating pressure at system output | G7: psi | H7: WWENZEL | I7: 3 | J7: Pressure loss from tank to farthest point | K7: psi | L7: TBHARMON | M7: 4 | N7: Minimum pressure required for optimal operation | O7: psi | P7: PRESSTON | Q7: 3 | R7: Pressure fluctuation during operation | S7: psi variance
A8: 5 | B8: The system should maintain adequate flow rate for different watering methods. | C8: =AVERAGE(E8,I8,M8,Q8) -> 3 | D8: JVAUGHT | E8: 5 | F8: Flow rate achievable for drip irrigation | G8: GPH | H8: WWENZEL | I8: 1 | J8: Flow rate achievable for sprinkler systems | K8: gpm | L8: TBHARMON | M8: 2 | N8: Adjustability range of flow rates | O8: min to max gpm | P8: PRESSTON | Q8: 4 | R8: Flow rate consistency over time | S8: Standard deviation in gpm
A9: 6 | B9: The system should function efficiently with varying water levels in the tank. | C9: =AVERAGE(E9,I9,M9,Q9) -> 3.25 | D9: JVAUGHT | E9: 2 | F9: System efficiency at full tank level | G9: % efficiency | H9: WWENZEL | I9: 4 | J9: System efficiency at half tank level | K9: % Efficiency | L9: TBHARMON | M9: 3 | N9: Minimum operational water level required | O9: gallons | P9: PRESSTON | Q9: 4 | R9: Variation in flow rate across different tank levels | S9: Percentage variation
A10: Category: | B10: Usability | D10: Broadwell, Rose
A11: 7 | B11: The system should be easy to operate for users without technical expertise. | C11: =AVERAGE(E11,I11,M11,Q11) -> 3.5 | D11: JVAUGHT | E11: 5 | F11: Required training time for new users | G11: hours | H11: WWENZEL | I11: 3 | J11: User error rate during operation | K11: error/100 ops | L11: TBHARMON | M11: 3 | N11: User satisfaction rating on ease of use | O11: likert scale | P11: PRESSTON | Q11: 3 | R11: Number of steps to complete basic operation | S11: Count
A12: 8 | B12: The system should have straightforward controls for starting, stopping, and adjusting as needed. | C12: =AVERAGE(E12,I12,M12,Q12) -> 1.5 | D12: JVAUGHT | E12: 1 | F12: Number of control interfaces | G12: count | H12: WWENZEL | I12: 2 | J12: Average time to start or stop the system | K12: seconds | L12: TBHARMON | M12: 1 | N12: Clarity of control labeling | O12: likert scale | P12: PRESSTON | Q12: 2 | R12: Accessibility compliance (e.g., ADA standards) | S12: Yes/No
A13: 9 | B13: The system should provide clear instructions and minimize operational steps. | C13: =AVERAGE(E13,I13,M13,Q13) -> 2 | D13: JVAUGHT | E13: 1 | F13: Length of instruction manual | G13: pages | H13: WWENZEL | I13: 2 | J13: Reading level required to understand instructions | K13: grade level | L13: TBHARMON | M13: 2 | N13: Number of operational steps for basic use | O13: count | P13: PRESSTON | Q13: 3 | R13: User comprehension rate after first read | S13: Percentage
A14: Category: | B14: Maintenance
A15: 10 | B15: The system should require minimal maintenance for reliable operation. | C15: =AVERAGE(E15,I15,M15,Q15) -> 3.75 | D15: JVAUGHT | E15: 3 | F15: Scheduled maintenance frequency | G15: # per year | H15: WWENZEL | I15: 3 | J15: Mean time between failures (MTBF) | K15: hours or months | L15: TBHARMON | M15: 4 | N15: Average maintenance duration per session | O15: Hours | P15: PRESSTON | Q15: 5 | R15: Maintenance cost per year | S15: Dollars
A16: 11 | B16: The system should be durable and resistant to wear and tear under normal conditions. | C16: =AVERAGE(E16,I16,M16,Q16) -> 3.25 | D16: JVAUGHT | E16: 2 | F16: Expected lifespan of components | G16: years | H16: WWENZEL | I16: 4 | J16: Material wear rate under standard conditions | K16: % wear per yr | L16: TBHARMON | M16: 3 | N16: # of components needing replacement per yr | O16: Count | P16: PRESSTON | Q16: 4 | R16: component warranty period | S16: Years
A17: 12 | B17: The system should allow easy troubleshooting of common issues. | C17: =AVERAGE(E17,I17,M17,Q17) -> 3.25 | D17: JVAUGHT | E17: 1 | F17: Time to diagnose a common issue | G17: minutes | H17: WWENZEL | I17: 5 | J17: Availability of troubleshooting guide | K17: yes/no | L17: TBHARMON | M17: 3 | N17: User success rate in resolving issues independently | O17: Percentage | P17: PRESSTON | Q17: 4 | R17: Number of common issues covered in manual | S17: Count
A18: Category: | B18: Environmental Impact
A19: 13 | B19: The system should minimize environmental impact and align with sustainability goals. | C19: =AVERAGE(E19,I19,M19,Q19) -> 3.25 | D19: JVAUGHT | E19: 1 | F19: Carbon footprint during operation | G19: CO₂/yr | H19: WWENZEL | I19: 3 | J19: Percentage of recyclable materials used | K19: Percentage | L19: TBHARMON | M19: 4 | N19: Energy consumption per year | O19: kWh | P19: PRESSTON | Q19: 5 | R19: Compliance with environmental standards (LEED) | S19: Yes/No
A20: 14 | B20: The system should be compatible with rainwater harvesting practices. | C20: =AVERAGE(E20,I20,M20,Q20) -> 2.75 | D20: JVAUGHT | E20: 3 | F20: Compatibility with existing rainwater tanks | G20: Yes/No | H20: WWENZEL | I20: 1 | J20: Adaptability to different rainwater sources | K20: # of compatible source | L20: TBHARMON | M20: 3 | N20: Percentage of water supplied from roof-water | O20: Percentage | P20: PRESSTON | Q20: 4 | R20: Ease of integration with harvesting systems | S20: Likert Scale
A21: 15 | B21: The system should be designed to minimize noise pollution. | C21: =AVERAGE(E21,I21,M21,Q21) -> 3.5 | D21: JVAUGHT | E21: 5 | F21: Operating noise level at 1-meter distance | G21: Decibels | H21: WWENZEL | I21: 2 | J21: Noise level compared to acceptable standards | K21: Decibels Difference | L21: TBHARMON | M21: 3 | N21: User annoyance rating due to noise | O21: Likert scale | P21: PRESSTON | Q21: 4 | R21: Time during which noise exceeds thresholds | S21: Min per day
A22: Category: | B22: Cost and Budgetary
A23: 16 | B23: The system should be cost-effective to implement within the given budget. | C23: =AVERAGE(E23,I23,M23,Q23) -> 3.75 | D23: JVAUGHT | E23: 3 | F23: Total initial cost | G23: Dollars | H23: WWENZEL | I23: 2 | J23: Percentage of budget utilized | K23: Percentage | L23: TBHARMON | M23: 5 | N23: Cost savings compared to alternative solutions | O23: Dollars | P23: PRESSTON | Q23: 5 | R23: Return on investment period | S23: Years
A24: 17 | B24: The system should have low operational and maintenance costs over its lifetime. | C24: =AVERAGE(E24,I24,M24,Q24) -> 3.75 | D24: JVAUGHT | E24: 2 | F24: Annual operational cost | G24: Dollars/year | H24: WWENZEL | I24: 4 | J24: Annual maintenance cost | K24: Dollars/yr | L24: TBHARMON | M24: 4 | N24: Total cost of ownership over expected lifespan | O24: Dollars | P24: PRESSTON | Q24: 5 | R24: Cost per gallon of water delivered | S24: Dollars per gallon
A25: 18 | B25: The system should provide good value through durability and efficiency. | C25: =AVERAGE(E25,I25,M25,Q25) -> 2.75 | D25: JVAUGHT | E25: 1 | F25: Cost per year over lifespan | G25: Dollars/year | H25: WWENZEL | I25: 3 | J25: Efficiency rating of system components | K25: Percentage | L25: TBHARMON | M25: 3 | N25: Maintenance cost savings due to durability | O25: Dollars/yr | P25: PRESSTON | Q25: 4 | R25: User satisfaction rating on value | S25: Likert scale
A26: Category: | B26: Safety and Compliance
A27: 19 | B27: The system should comply with all relevant safety standards and regulations. | C27: =AVERAGE(E27,I27,M27,Q27) -> 3 | D27: JVAUGHT | E27: 2 | F27: Number of applicable standards met | G27: Count | H27: WWENZEL | I27: 3 | J27: Compliance certification status | K27: Yes/No | L27: TBHARMON | M27: 3 | N27: Number of non-compliance issues identified | O27: Count | P27: PRESSTON | Q27: 4 | R27: Time to achieve full compliance | S27: Months
A28: 20 | B28: The system should not pose any risks to pedestrians or garden users. | C28: =AVERAGE(E28,I28,M28,Q28) -> 2.75 | D28: JVAUGHT | E28: 3 | F28: Number of potential hazards identified | G28: Count | H28: WWENZEL | I28: 3 | J28: Safety incident rate during operation | K28: Incidents per yr | L28: TBHARMON | M28: 2 | N28: Compliance with safety guidelines (e.g., OSHA) | O28: yes/no | P28: PRESSTON | Q28: 3 | R28: User perception of safety | S28: Likert Scale
A29: 21 | B29: The system should be safe to operate under various weather conditions. | C29: =AVERAGE(E29,I29,M29,Q29) -> 3.75 | D29: JVAUGHT | E29: 4 | F29: Operational reliability in adverse weather | G29: % uptime | H29: WWENZEL | I29: 3 | J29: Temperature range for safe operation | K29: Degrees Fahrenheit | L29: TBHARMON | M29: 4 | N29: Weatherproof rating of system components | O29: IP Rating | P29: PRESSTON | Q29: 4 | R29: Number of weather-related malfunctions per year | S29: Count
A31: Find the cells where your name appears (4 person per need)
A32: Indicate the Need's importance (5=extremely important, 1=minimally important)
A33: Identify the best metric(s) to assess each need.
A34: If you think there are multiple metrics, list each

Sheet Customer_Requirements
A1: Customer Req ID | B1: Customer Requirement | C1: Ranking
A2: CR1 | B2: The system should enable quick and efficient water transfer from the tank to the garden. | C2: =Metrics_Voting!C3 -> 4
A3: CR2 | B3: The system should provide consistent and reliable water distribution across the entire garden area. | C3: =Metrics_Voting!C4 -> 3.25
A4: CR3 | B4: The system should minimize manual labor and physical effort required to operate. | C4: =Metrics_Voting!C5 -> 4
A5: CR4 | B5: The system should provide sufficient water pressure for effective delivery. | C5: =Metrics_Voting!C7 -> 3.75
A6: CR5 | B6: The system should maintain adequate flow rate for different watering methods. | C6: =Metrics_Voting!C8 -> 3
A7: CR6 | B7: The system should function efficiently with varying water levels in the tank. | C7: =Metrics_Voting!C9 -> 3.25
A8: CR7 | B8: The system should be easy to operate for users without technical expertise. | C8: =Metrics_Voting!C11 -> 3.5
A9: CR8 | B9: The system should have straightforward controls for starting, stopping, and adjusting as needed. | C9: =Metrics_Voting!C12 -> 1.5
A10: CR9 | B10: The system should provide clear instructions and minimize operational steps. | C10: =Metrics_Voting!C13 -> 2
A11: CR10 | B11: The system should require minimal maintenance for reliable operation. | C11: =Metrics_Voting!C15 -> 3.75
A12: CR11 | B12: The system should be durable and resistant to wear and tear under normal conditions. | C12: =Metrics_Voting!C16 -> 3.25
A13: CR12 | B13: The system should allow easy troubleshooting of common issues. | C13: =Metrics_Voting!C17 -> 3.25
A14: CR13 | B14: The system should minimize environmental impact and align with sustainability goals. | C14: =Metrics_Voting!C19 -> 3.25
A15: CR14 | B15: The system should be compatible with rainwater harvesting practices. | C15: =Metrics_Voting!C20 -> 2.75
A16: CR15 | B16: The system should be designed to minimize noise pollution. | C16: =Metrics_Voting!C21 -> 3.5
A17: CR16 | B17: The system should be cost-effective to implement within the given budget. | C17: =Metrics_Voting!C23 -> 3.75
A18: CR17 | B18: The system should have low operational and maintenance costs over its lifetime. | C18: =Metrics_Voting!C24 -> 3.75
A19: CR18 | B19: The system should provide good value through durability and efficiency. | C19: =Metrics_Voting!C25 -> 2.75
A20: CR19 | B20: The system should comply with all relevant safety standards and regulations. | C20: =Metrics_Voting!C27 -> 3
A21: CR20 | B21: The system should not pose any risks to pedestrians or garden users. | C21: =Metrics_Voting!C28 -> 2.75
A22: CR21 | B22: The system should be safe to operate under various weather conditions. | C22: =Metrics_Voting!C29 -> 3.75

Sheet Pretty_CR
A1: Customer Requirement | B1: ID | C1: Requirement | D1: Units
A2: The system should enable quick and efficient water transfer from the tank to the garden. | B2: TR1 | C2: Time to transfer 2 gallons | D2: seconds
B3: TR2 | C3: Average flow rate during transfer | D3: GPM
B4: TR3 | C4: Energy consumption per 2 gallons transferred | D4: kWH
B5: TR4 | C5: Maximum throughput capacity of the system | D5: GPH
A6: The system should provide consistent and reliable water distribution across the entire garden area. | B6: TR5 | C6: Distribution Uniformity (DU) coefficient | D6: Percentage
B7: TR6 | C7: Variance in water application rates between zones | D7: GPM
B8: TR7 | C8: Number of dry or overwatered spots detected | D8: Count
B9: TR8 | C9: System reliability (uptime percentage) | D9: Percentage
A10: The system should minimize manual labor and physical effort required to operate. | B10: TR9 | C10: Physical force required to operate controls | D10: lbf
B11: TR10 | C11: Number of manual operations per watering cycle | D11: Count
B12: TR11 | C12: Total operator time per watering session | D12: Minutes
B13: TR12 | C13: Operator perceived exertion rating | D13: Borg RPE scale (6-20)
A14: The system should provide sufficient water pressure for effective delivery. | B14: TR13 | C14: Operating pressure at system output | D14: psi
B15: TR14 | C15: Pressure loss from tank to farthest point | D15: psi
B16: TR15 | C16: Minimum pressure required for optimal operation | D16: psi
B17: TR16 | C17: Pressure fluctuation during operation | D17: psi variance
A18: The system should maintain adequate flow rate for different watering methods. | B18: TR17 | C18: Flow rate achievable for drip irrigation | D18: GPH
B19: TR18 | C19: Flow rate achievable for sprinkler systems | D19: gpm
B20: TR19 | C20: Adjustability range of flow rates | D20: min to max gpm
B21: TR20 | C21: Flow rate consistency over time | D21: Standard deviation in gpm
A22: The system should function efficiently with varying water levels in the tank. | B22: TR21 | C22: System efficiency at full tank level | D22: % efficiency
B23: TR22 | C23: System efficiency at half tank level | D23: % Efficiency
B24: TR23 | C24: Minimum operational water level required | D24: gallons
B25: TR24 | C25: Variation in flow rate across different tank levels | D25: Percentage variation
A26: The system should be easy to operate for users without technical expertise. | B26: TR25 | C26: Required training time for new users | D26: hours
B27: TR26 | C27: User error rate during operation | D27: error/100 ops
B28: TR27 | C28: User satisfaction rating on ease of use | D28: likert scale
B29: TR28 | C29: Number of steps to complete basic operation | D29: Count
A30: The system should have straightforward controls for starting, stopping, and adjusting as needed. | B30: TR29 | C30: Number of control interfaces | D30: count
B31: TR30 | C31: Average time to start or stop the system | D31: seconds
B32: TR31 | C32: Clarity of control labeling | D32: likert scale
B33: TR32 | C33: Accessibility compliance (e.g., ADA standards) | D33: Yes/No
A34: The system should provide clear instructions and minimize operational steps. | B34: TR33 | C34: Length of instruction manual | D34: pages
B35: TR34 | C35: Reading level required to understand instructions | D35: grade level
B36: TR35 | C36: Number of operational steps for basic use | D36: count
B37: TR36 | C37: User comprehension rate after first read | D37: Percentage
A38: The system should require minimal maintenance for reliable operation. | B38: TR37 | C38: Scheduled maintenance frequency | D38: # per year
B39: TR38 | C39: Mean time between failures (MTBF) | D39: hours or months
B40: TR39 | C40: Average maintenance duration per session | D40: Hours
B41: TR40 | C41: Maintenance cost per year | D41: Dollars
A42: The system should be durable and resistant to wear and tear under normal conditions. | B42: TR41 | C42: Expected lifespan of components | D42: years
B43: TR42 | C43: Material wear rate under standard conditions | D43: % wear per yr
B44: TR43 | C44: # of components needing replacement per yr | D44: Count
B45: TR44 | C45: component warranty period | D45: Years
A46: The system should allow easy troubleshooting of common issues. | B46: TR45 | C46: Time to diagnose a common issue | D46: minutes
B47: TR46 | C47: Availability of troubleshooting guide | D47: yes/no
B48: TR47 | C48: User success rate in resolving issues independently | D48: Percentage
B49: TR48 | C49: Number of common issues covered in manual | D49: Count
A50: The system should minimize environmental impact and align with sustainability goals. | B50: TR49 | C50: Carbon footprint during operation | D50: CO₂/yr
B51: TR50 | C51: Percentage of recyclable materials used | D51: Percentage
B52: TR51 | C52: Energy consumption per year | D52: kWh
B53: TR52 | C53: Compliance with environmental standards (LEED) | D53: Yes/No
A54: The system should be compatible with rainwater harvesting practices. | B54: TR53 | C54: Compatibility with existing rainwater tanks | D54: Yes/No
B55: TR54 | C55: Adaptability to different rainwater sources | D55: # of compatible source
B56: TR55 | C56: Percentage of water supplied from roof-water | D56: Percentage
B57: TR56 | C57: Ease of integration with harvesting systems | D57: Likert Scale
A58: The system should be designed to minimize noise pollution. | B58: TR57 | C58: Operating noise level at 1-meter distance | D58: Decibels
B59: TR58 | C59: Noise level compared to acceptable standards | D59: Decibels Difference
B60: TR59 | C60: User annoyance rating due to noise | D60: Likert scale
B61: TR60 | C61: Time during which noise exceeds thresholds | D61: Min per day
A62: The system should be cost-effective to implement within the given budget. | B62: TR61 | C62: Total initial cost | D62: Dollars
B63: TR62 | C63: Percentage of budget utilized | D63: Percentage
B64: TR63 | C64: Cost savings compared to alternative solutions | D64: Dollars
B65: TR64 | C65: Return on investment period | D65: Years
A66: The system should have low operational and maintenance costs over its lifetime. | B66: TR65 | C66: Annual operational cost | D66: Dollars/year
B67: TR66 | C67: Annual maintenance cost | D67: Dollars/yr
B68: TR67 | C68: Total cost of ownership over expected lifespan | D68: Dollars
B69: TR68 | C69: Cost per gallon of water delivered | D69: Dollars per gallon
A70: The system should provide good value through durability and efficiency. | B70: TR69 | C70: Cost per year over lifespan | D70: Dollars/year
B71: TR70 | C71: Efficiency rating of system components | D71: Percentage
B72: TR71 | C72: Maintenance cost savings due to durability | D72: Dollars/yr
B73: TR72 | C73: User satisfaction rating on value | D73: Likert scale
A74: The system should comply with all relevant safety standards and regulations. | B74: TR73 | C74: Number of applicable standards met | D74: Count
B75: TR74 | C75: Compliance certification status | D75: Yes/No
B76: TR75 | C76: Number of non-compliance issues identified | D76: Count
B77: TR76 | C77: Time to achieve full compliance | D77: Months
A78: The system should not pose any risks to pedestrians or garden users. | B78: TR77 | C78: Number of potential hazards identified | D78: Count
B79: TR78 | C79: Safety incident rate during operation | D79: Incidents per yr
B80: TR79 | C80: Compliance with safety guidelines (e.g., OSHA) | D80: yes/no
B81: TR80 | C81: User perception of safety | D81: Likert Scale
A82: The system should be safe to operate under various weather conditions. | B82: TR81 | C82: Operational reliability in adverse weather | D82: % uptime
B83: TR82 | C83: Temperature range for safe operation | D83: Degrees Fahrenheit
B84: TR83 | C84: Weatherproof rating of system components | D84: IP Rating
B85: TR84 | C85: Number of weather-related malfunctions per year | D85: Count

Sheet Technical_Requirements
A1: Tech Requirement ID | B1: Requirement | C1: Units
A2: TR1 | B2: Time to transfer 2 gallons | C2: seconds
A3: TR2 | B3: Average flow rate during transfer | C3: GPM
A4: TR3 | B4: Energy consumption per 2 gallons transferred | C4: kWH
A5: TR4 | B5: Maximum throughput capacity of the system | C5: GPH
A6: TR5 | B6: Distribution Uniformity (DU) coefficient | C6: Percentage
A7: TR6 | B7: Variance in water application rates between zones | C7: GPM
A8: TR7 | B8: Number of dry or overwatered spots detected | C8: Count
A9: TR8 | B9: System reliability (uptime percentage) | C9: Percentage
A10: TR9 | B10: Physical force required to operate controls | C10: lbf
A11: TR10 | B11: Number of manual operations per watering cycle | C11: Count
A12: TR11 | B12: Total operator time per watering session | C12: Minutes
... A85: TR84 | B85: Number of weather-related malfunctions per year | C85: Count

Sheet CR-TR_Interactions
B1: C1 | C1: C2 | D1: C3 | E1: C4 | F1: C5 | G1: C6 | H1: C7 | I1: C8 | J1: C9 | K1: C10 | L1: C11 | M1: C12 | N1: C13 | O1: C14 | P1: C15 | Q1: C16 | R1: C17 | S1: C18 | T1: C19 | U1: C20 | V1: C21 | W1: SUM | X1: Weight | Y1: Rank | Z1: Grading
A2: TR1 | B2: 9 | C2: 0 | D2: 0 | E2: 0 | F2: 9 | G2: 9 | H2: 1 | I2: 0 | J2: 0 | K2: 0 | L2: 0 | M2: 0 | N2: 3 | O2: 1 | P2: 0 | Q2: 1 | R2: 3 | S2: 3 | T2: 0 | U2: 3 | V2: 0 | W2: 139.75 | X2: 0.013199216 | Y2: 31 | Z2: Strong (9)
A3: TR2 | B3: 9 | C3: 1 | D3: 0 | E3: 3 | F3: 9 | G3: 9 | H3: 1 | I3: 0 | J3: 0 | K3: 0 | L3: 0 | M3: 0 | N3: 3 | O3: 3 | P3: 3 | Q3: 3 | R3: 3 | S3: 3 | T3: 0 | U3: 3 | V3: 0 | W3: 177.75 | X3: 0.016788269 | Y3: 11 | Z3: Medium (3)
A4: TR3 | B4: 3 | C4: 0 | D4: 0 | E4: 0 | F4: 3 | G4: 3 | H4: 0 | I4: 0 | J4: 0 | K4: 0 | L4: 0 | M4: 0 | N4: 9 | O4: 1 | P4: 1 | Q4: 3 | R4: 9 | S4: 9 | T4: 0 | U4: 1 | V4: 0 | W4: 138.75 | X4: 0.013104767 | Y4: 32 | Z4: Weak (1)
A5: TR4 | B5: 9 | C5: 3 | D5: 0 | E5: 3 | F5: 9 | G5: 3 | H5: 1 | I5: 0 | J5: 0 | K5: 0 | L5: 1 | M5: 0 | N5: 3 | O5: 3 | P5: 0 | Q5: 3 | R5: 3 | S5: 3 | T5: 0 | U5: 3 | V5: 1 | W5: 161.25 | X5: 0.015229865 | Y5: 19 | Z5: None (0)
A6: TR5 | B6: 1 | C6: 9 | D6: 0 | E6: 3 | F6: 3 | G6: 1 | H6: 1 | I6: 0 | J6: 0 | K6: 0 | L6: 0 | M6: 0 | N6: 3 | O6: 3 | P6: 0 | Q6: 1 | R6: 3 | S6: 1 | T6: 0 | U6: 3 | V6: 0 | W6: 104.25 | X6: 0.0098462846 | Y6: 53
A7: TR6 | B7: 1 | C7: 9 | D7: 0 | E7: 3 | F7: 3 | G7: 1 | H7: 1 | I7: 0 | J7: 0 | K7: 0 | L7: 0 | M7: 0 | N7: 3 | O7: 1 | P7: 0 | Q7: 1 | R7: 3 | S7: 1 | T7: 0 | U7: 3 | V7: 0 | W7: 98.75 | X7: 0.0093268164 | Y7: 60
A8: TR7 | B8: 0 | C8: 9 | D8: 0 | E8: 3 | F8: 1 | G8: 1 | H8: 0 | I8: 0 | J8: 0 | K8: 0 | L8: 0 | M8: 0 | N8: 3 | O8: 1 | P8: 0 | Q8: 3 | R8: 3 | S8: 1 | T8: 0 | U8: 1 | V8: 0 | W8: 87.25 | X8: 0.0082406555 | Y8: 62
A9: TR8 | B9: 3 | C9: 3 | D9: 3 | E9: 3 | F9: 1 | G9: 3 | H9: 3 | I9: 0 | J9: 0 | K9: 3 | L9: 3 | M9: 1 | N9: 3 | O9: 1 | P9: 0 | Q9: 3 | R9: 9 | S9: 9 | T9: 0 | U9: 3 | V9: 3 | W9: 194.25 | X9: 0.018346674 | Y9: 5
A10: TR9 | B10: 1 | C10: 0 | D10: 9 | E10: 0 | F10: 0 | G10: 0 | H10: 9 | I10: 9 | J10: 1 | K10: 0 | L10: 0 | M10: 1 | N10: 1 | O10: 0 | P10: 0 | Q10: 1 | R10: 1 | S10: 1 | T10: 0 | U10: 3 | V10: 1 | W10: 115.75 | X10: 0.010932446 | Y10: 50
A11: TR10 | B11: 1 | C11: 0 | D11: 9 | E11: 0 | F11: 1 | G11: 3 | H11: 9 | I11: 3 | J11: 3 | K11: 3 | L11: 0 | M11: 1 | N11: 3 | O11: 0 | P11: 0 | Q11: 3 | R11: 3 | S11: 3 | T11: 0 | U11: 3 | V11: 0 | W11: 158 | X11: 0.014922906 | Y11: 21
A12: TR11 | B12: 3 | C12: 0 | D12: 9 | E12: 0 | F12: 1 | G12: 3 | H12: 3 | I12: 3 | J12: 3 | K12: 3 | L12: 0 | M12: 0 | N12: 3 | O12: 0 | P12: 0 | Q12: 3 | R12: 3 | S12: 3 | T12: 0 | U12: 3 | V12: 0 | W12: 141.75 | X12: 0.013388114 | Y12: 28
A13: TR12 | B13: 1 | C13: 0 | D13: 9 | E13: 0 | F13: 0 | G13: 0 | H13: 9 | I13: 1 | J13: 1 | K13: 0 | L13: 0 | M13: 1 | N13: 1 | O13: 0 | P13: 0 | Q13: 1 | R13: 1 | S13: 1 | T13: 0 | U13: 1 | V13: 0 | W13: 94.5 | X13: 0.0089254091 | Y13: 61
A14: TR13 | B14: 9 | C14: 9 | D14: 0 | E14: 9 | F14: 9 | G14: 9 | H14: 0 | I14: 0 | J14: 0 | K14: 0 | L14: 0 | M14: 0 | N14: 3 | O14: 1 | P14: 3 | Q14: 1 | R14: 3 | S14: 3 | T14: 0 | U14: 3 | V14: 3 | W14: 221 | X14: 0.020873179 | Y14: 2
A15: TR14 | B15: 9 | C15: 9 | D15: 0 | E15: 9 | F15: 9 | G15: 9 | H15: 0 | I15: 0 | J15: 0 | K15: 0 | L15: 0 | M15: 0 | N15: 3 | O15: 1 | P15: 0 | Q15: 1 | R15: 3 | S15: 1 | T15: 0 | U15: 1 | V15: 1 | W15: 192 | X15: 0.018134164 | Y15: 6
A16: TR15 | B16: 3 | C16: 9 | D16: 0 | E16: 9 | F16: 9 | G16: 9 | H16: 0 | I16: 0 | J16: 0 | K16: 0 | L16: 0 | M16: 0 | N16: 3 | O16: 1 | P16: 3 | Q16: 1 | R16: 3 | S16: 3 | T16: 0 | U16: 1 | V16: 0 | W16: 180.25 | X16: 0.017024391 | Y16: 9
A17: TR16 | B17: 3 | C17: 9 | D17: 0 | E17: 9 | F17: 9 | G17: 9 | H17: 0 | I17: 0 | J17: 0 | K17: 0 | L17: 0 | M17: 0 | N17: 3 | O17: 1 | P17: 3 | Q17: 1 | R17: 1 | S17: 1 | T17: 0 | U17: 3 | V17: 3 | W17: 184 | X17: 0.017378574 | Y17: 8
... A85: TR84 | B85: 1 | C85: 3 | D85: 0 | E85: 0 | F85: 1 | G85: 3 | H85: 0 | I85: 0 | J85: 0 | K85: 0 | L85: 1 | M85: 0 | N85: 3 | O85: 1 | P85: 0 | Q85: 3 | R85: 3 | S85: 1 | T85: 3 | U85: 9 | V85: 9 | W85: 135 | X85: 0.012750584 | Y85: 35

Sheet TR-TR_interaction
B1: TR1 | C1: TR2 | D1: TR3 | E1: TR4 | F1: TR5 | G1: TR6 | H1: TR7 | I1: TR8 | J1: TR9 | K1: TR10 | L1: TR11 | M1: TR12 | N1: TR13 | O1: TR14 | P1: TR15 | Q1: TR16 | R1: TR17 | S1: TR18 | T1: TR19 | U1: TR20 | V1: TR21 | W1: TR22 | X1: TR23 | Y1: TR24 | Z1: TR25 | AA1: TR26 | AB1: TR27 | AC1: TR28 | AD1: TR29 | AE1: TR30 | AF1: TR31 | AG1: TR32 | AH1: TR33 | AI1: TR34 | AJ1: TR35 | AK1: TR36 | AL1: TR37 | AM1: TR38 | AN1: TR39 | AO1: TR40 | AP1: TR41 | AQ1: TR42 | AR1: TR43 | AS1: TR44 | AT1: TR45 | AU1: TR46 | AV1: TR47 | AW1: TR48 | AX1: TR49 | AY1: TR50 | AZ1: TR51 | BA1: TR52 | BB1: TR53 | BC1: TR54 | BD1: TR55 | BE1: TR56 | BF1: TR57 | BG1: TR58 | BH1: TR59 | BI1: TR60 | BJ1: TR61 | BK1: TR62 | BL1: TR63 | BM1: TR64 | BN1: TR65 | BO1: TR66 | BP1: TR67 | BQ1: TR68 | BR1: TR69 | BS1: TR70 | BT1: TR71 | BU1: TR72 | BV1: TR73 | BW1: TR74 | BX1: TR75 | BY1: TR76 | BZ1: TR77 | CA1: TR78 | CB1: TR79 | CC1: TR80 | CD1: TR81 | CE1: TR82 | CF1: TR83 | CG1: TR84
A2: TR1
A3: TR2 | B3: +
A4: TR3 | B4: - | C4: -
A5: TR4 | B5: + | C5: + | D5: +
A6: TR5 | B6: o | C6: - | D6: o | E6: +
A7: TR6 | B7: o | C7: - | D7: o | E7: + | F7: +
A8: TR7 | B8: o | C8: o | D8: o | E8: o | F8: + | G8: +
A9: TR8 | B9: + | C9: + | D9: + | E9: - | F9: o | G9: o | H9: o
A10: TR9 | B10: - | C10: o | D10: o | E10: o | F10: - | G10: - | H10: - | I10: o
A11: TR10 | B11: + | C11: - | D11: o | E11: o | F11: - | G11: - | H11: - | I11: o | J11: -
A12: TR11 | B12: + | C12: - | D12: + | E12: + | F12: + | G12: + | H12: + | I12: o | J12: - | K12: +
A13: TR12 | B13: - | C13: - | D13: o | E13: + | F13: - | G13: - | H13: - | I13: o | J13: + | K13: + | L13: +
A14: TR13 | B14: + | C14: + | D14: + | E14: + | F14: + | G14: + | H14: + | I14: + | J14: - | K14: + | L14: - | M14: o
A15: TR14 | B15: - | C15: - | D15: o | E15: - | F15: - | G15: - | H15: - | I15: - | J15: o | K15: + | L15: + | M15: o | N15: -
A16: TR15 | B16: + | C16: + | D16: + | E16: o | F16: + | G16: + | H16: + | I16: + | J16: - | K16: + | L16: - | M16: o | N16: o | O16: +
A17: TR16 | B17: + | C17: - | D17: + | E17: - | F17: + | G17: + | H17: + | I17: - | J17: - | K17: + | L17: + | M17: o | N17: + | O17: - | P17: +
A18: TR17 | B18: o | C18: + | D18: + | E18: + | F18: + | G18: + | H18: + | I18: o | J18: - | K18: + | L18: - | M18: + | N18: + | O18: - | P18: + | Q18: -
A19: TR18 | B19: o | C19: + | D19: + | E19: + | F19: + | G19: + | H19: + | I19: o | J19: - | K19: + | L19: - | M19: + | N19: + | O19: - | P19: + | Q19: - | R19: +
A20: TR19 | B20: + | C20: + | D20: + | E20: + | F20: + | G20: + | H20: + | I20: o | J20: - | K20: + | L20: - | M20: + | N20: + | O20: - | P20: + | Q20: - | R20: + | S20: +
A21: TR20 | B21: + | C21: + | D21: + | E21: + | F21: + | G21: + | H21: + | I21: + | J21: - | K21: + | L21: - | M21: + | N21: + | O21: - | P21: + | Q21: - | R21: + | S21: + | T21: +
A22: TR21 | B22: + | C22: + | D22: + | E22: - | F22: o | G22: o | H22: o | I22: + | J22: o | K22: + | L22: - | M22: + | N22: + | O22: - | P22: + | Q22: - | R22: + | S22: + | T22: + | U22: +
A23: TR22 | B23: + | C23: + | D23: + | E23: o | F23: o | G23: o | H23: o | I23: + | J23: o | K23: + | L23: - | M23: + | N23: + | O23: - | P23: + | Q23: - | R23: + | S23: + | T23: + | U23: + | V23: +
A24: TR23 | B24: o | C24: - | D24: o | E24: o | F24: + | G24: + | H24: + | I24: + | J24: o | K24: o | L24: o | M24: o | N24: o | O24: o | P24: o | Q24: o | R24: + | S24: + | T24: + | U24: + | V24: + | W24: +
A25: TR24 | B25: + | C25: + | D25: + | E25: + | F25: - | G25: - | H25: - | I25: - | J25: o | K25: + | L25: - | M25: o | N25: + | O25: - | P25: + | Q25: - | R25: + | S25: + | T25: + | U25: + | V25: + | W25: + | X25: +
A26: TR25 | B26: + | C26: + | D26: o | E26: + | F26: o | G26: o | H26: o | I26: o | J26: - | K26: + | L26: - | M26: + | N26: o | O26: - | P26: o | Q26: - | R26: + | S26: o | T26: + | U26: + | V26: o | W26: o | X26: o | Y26: +
A27: TR26 | B27: + | C27: o | D27: o | E27: + | F27: + | G27: + | H27: + | I27: + | J27: - | K27: + | L27: + | M27: o | N27: o | O27: - | P27: o | Q27: - | R27: + | S27: o | T27: + | U27: + | V27: o | W27: o | X27: o | Y27: + | Z27: +
A28: TR27 | B28: o | C28: o | D28: o | E28: o | F28: + | G28: + | H28: + | I28: o | J28: - | K28: + | L28: - | M28: o | N28: + | O28: - | P28: + | Q28: - | R28: + | S28: + | T28: + | U28: + | V28: + | W28: + | X28: + | Y28: + | Z28: + | AA28: +
A29: TR28 | B29: + | C29: - | D29: o | E29: o | F29: - | G29: - | H29: - | I29: o | J29: o | K29: + | L29: + | M29: - | N29: + | O29: - | P29: + | Q29: - | R29: + | S29: + | T29: + | U29: + | V29: + | W29: + | X29: o | Y29: + | Z29: + | AA29: o | AB29: +
A30: TR29 | B30: - | C30: o | D30: o | E30: o | F30: - | G30: - | H30: - | I30: o | J30: - | K30: + | L30: + | M30: - | N30: + | O30: - | P30: + | Q30: - | R30: + | S30: + | T30: + | U30: + | V30: + | W30: + | X30: o | Y30: o | Z30: o | AA30: o | AB30: + | AC30: +
A31: TR30 | B31: + | C31: + | D31: + | E31: + | F31: + | G31: + | H31: + | I31: o | J31: - | K31: + | L31: + | M31: - | N31: + | O31: - | P31: + | Q31: - | R31: + | S31: + | T31: + | U31: + | V31: + | W31: + | X31: o | Y31: + | Z31: + | AA31: + | AB31: + | AC31: + | AD31: +
A32: TR31 | B32: + | C32: o | D32: o | E32: + | F32: + | G32: + | H32: + | I32: o | J32: o | K32: o | L32: - | M32: o | N32: + | O32: - | P32: + | Q32: - | R32: + | S32: + | T32: + | U32: + | V32: + | W32: + | X32: + | Y32: o | Z32: o | AA32: + | AB32: + | AC32: + | AD32: + | AE32: +
A33: TR32 | B33: o | C33: o | D33: o | E33: o | F33: o | G33: o | H33: o | I33: o | J33: - | K33: + | L33: - | M33: + | N33: + | O33: - | P33: o | Q33: o | R33: o | S33: o | T33: o | U33: o | V33: o | W33: o | X33: o | Y33: o | Z33: o | AA33: o | AB33: + | AC33: + | AD33: + | AE33: + | AF33: +
A34: TR33 | B34: - | C34: o | D34: o | E34: o | F34: o | G34: o | H34: o | I34: o | J34: o | K34: + | L34: + | M34: o | N34: o | O34: o | P34: o | Q34: o | R34: o | S34: o | T34: o | U34: o | V34: o | W34: o | X34: o | Y34: o | Z34: - | AA34: o | AB34: + | AC34: + | AD34: + | AE34: + | AF34: + | AG34: +
A35: TR34 | B35: + | C35: o | D35: o | E35: o | F35: o | G35: o | H35: o | I35: o | J35: o | K35: o | L35: + | M35: o | N35: o | O35: o | P35: o | Q35: o | R35: o | S35: o | T35: o | U35: o | V35: o | W35: o | X35: o | Y35: + | Z35: + | AA35: + | AB35: + | AC35: + | AD35: + | AE35: + | AF35: + | AG35: + | AH35: +
A36: TR35 | B36: + | C36: - | D36: o | E36: o | F36: - | G36: - | H36: - | I36: o | J36: - | K36: + | L36: + | M36: - | N36: + | O36: - | P36: + | Q36: - | R36: + | S36: + | T36: + | U36: + | V36: + | W36: + | X36: o | Y36: + | Z36: + | AA36: o | AB36: + | AC36: + | AD36: + | AE36: + | AF36: o | AG36: + | AH36: + | AI36: +
A37: TR36 | B37: + | C37: o | D37: o | E37: + | F37: + | G37: + | H37: + | I37: o | J37: o | K37: + | L37: - | M37: o | N37: o | O37: o | P37: o | Q37: o | R37: o | S37: o | T37: o | U37: o | V37: o | W37: o | X37: o | Y37: + | Z37: + | AA37: + | AB37: + | AC37: + | AD37: + | AE37: + | AF37: + | AG37: + | AH37: + | AI37: + | AJ37: +
A38: TR37 | B38: + | C38: + | D38: + | E38: o | F38: + | G38: + | H38: + | I38: + | J38: o | K38: + | L38: - | M38: o | N38: + | O38: - | P38: + | Q38: - | R38: + | S38: - | T38: - | U38: + | V38: + | W38: - | X38: + | Y38: + | Z38: o | AA38: + | AB38: + | AC38: o | AD38: + | AE38: + | AF38: o | AG38: o | AH38: o | AI38: + | AJ38: + | AK38: +
A39: TR38 | B39: + | C39: + | D39: + | E39: - | F39: + | G39: + | H39: + | I39: + | J39: - | K39: + | L39: - | M39: o | N39: + | O39: - | P39: + | Q39: - | R39: + | S39: - | T39: - | U39: + | V39: + | W39: + | X39: + | Y39: + | Z39: o | AA39: + | AB39: + | AC39: o | AD39: + | AE39: + | AF39: o | AG39: o | AH39: + | AI39: + | AJ39: + | AK39: + | AL39: +
A40: TR39 | B40: + | C40: - | D40: + | E40: o | F40: - | G40: - | H40: - | I40: - | J40: o | K40: + | L40: + | M40: - | N40: + | O40: - | P40: + | Q40: - | R40: + | S40: - | T40: - | U40: + | V40: + | W40: + | X40: + | Y40: + | Z40: o | AA40: + | AB40: + | AC40: o | AD40: + | AE40: + | AF40: o | AG40: o | AH40: + | AI40: + | AJ40: + | AK40: + | AL40: + | AM40: +
A41: TR40 | B41: o | C41: - | D41: + | E41: - | F41: - | G41: - | H41: - | I41: o | J41: - | K41: + | L41: o | M41: o | N41: - | O41: - | P41: - | Q41: - | R41: - | S41: - | T41: - | U41: + | V41: + | W41: + | X41: + | Y41: + | Z41: o | AA41: + | AB41: o | AC41: o | AD41: + | AE41: + | AF41: o | AG41: o | AH41: + | AI41: + | AJ41: + | AK41: + | AL41: - | AM41: + | AN41: +
A42: TR41 | B42: + | C42: + | D42: + | E42: - | F42: + | G42: + | H42: + | I42: + | J42: - | K42: + | L42: - | M42: + | N42: + | O42: - | P42: + | Q42: - | R42: + | S42: - | T42: - | U42: + | V42: + | W42: + | X42: + | Y42: + | Z42: o | AA42: + | AB42: + | AC42: o | AD42: + | AE42: + | AF42: o | AG42: o | AH42: o | AI42: + | AJ42: + | AK42: + | AL42: + | AM42: + | AN42: + | AO42: +
A43: TR42 | B43: - | C43: o | D43: + | E43: - | F43: - | G43: - | H43: - | I43: - | J43: - | K43: + | L43: + | M43: - | N43: - | O43: - | P43: - | Q43: - | R43: - | S43: - | T43: - | U43: + | V43: + | W43: + | X43: + | Y43: + | Z43: o | AA43: + | AB43: + | AC43: o | AD43: + | AE43: + | AF43: o | AG43: o | AH43: o | AI43: + | AJ43: + | AK43: + | AL43: + | AM43: + | AN43: + | AO43: + | AP43: +
A44: TR43 | B44: - | C44: - | D44: + | E44: - | F44: - | G44: - | H44: - | I44: - | J44: - | K44: + | L44: + | M44: - | N44: - | O44: - | P44: - | Q44: - | R44: - | S44: - | T44: - | U44: + | V44: + | W44: + | X44: + | Y44: + | Z44: o | AA44: + | AB44: + | AC44: o | AD44: + | AE44: + | AF44: o | AG44: o | AH44: o | AI44: + | AJ44: + | AK44: + | AL44: + | AM44: + | AN44: + | AO44: + | AP44: - | AQ44: +
A45: TR44 | B45: + | C45: o | D45: o | E45: o | F45: o | G45: o | H45: o | I45: + | J45: o | K45: o | L45: o | M45: o | N45: o | O45: o | P45: o | Q45: o | R45: o | S45: o | T45: o | U45: o | V45: o | W45: o | X45: o | Y45: + | Z45: o | AA45: o | AB45: o | AC45: o | AD45: + | AE45: + | AF45: o | AG45: o | AH45: o | AI45: + | AJ45: + | AK45: + | AL45: + | AM45: + | AN45: + | AO45: + | AP45: + | AQ45: + | AR45: -
A46: TR45 | B46: + | C46: o | D46: o | E46: o | F46: o | G46: o | H46: o | I46: o | J46: o | K46: + | L46: + | M46: o | N46: o | O46: o | P46: o | Q46: o | R46: o | S46: o | T46: o | U46: o | V46: o | W46: o | X46: o | Y46: + | Z46: + | AA46: + | AB46: + | AC46: o | AD46: + | AE46: + | AF46: + | AG46: + | AH46: + | AI46: + | AJ46: + | AK46: + | AL46: + | AM46: + | AN46: + | AO46: + | AP46: o | AQ46: o | AR46: + | AS46: +
A47: TR46 | B47: + | C47: o | D47: o | E47: + | F47: o | G47: o | H47: o | I47: + | J47: o | K47: o | L47: - | M47: o | N47: o | O47: o | P47: o | Q47: o | R47: o | S47: o | T47: o | U47: o | V47: o | W47: o | X47: o | Y47: + | Z47: o | AA47: o | AB47: + | AC47: o | AD47: + | AE47: o | AF47: o | AG47: + | AH47: o | AI47: + | AJ47: + | AK47: + | AL47: + | AM47: + | AN47: + | AO47: + | AP47: o | AQ47: o | AR47: + | AS47: + | AT47: +
A48: TR47 | B48: + | C48: o | D48: o | E48: + | F48: o | G48: o | H48: o | I48: + | J48: - | K48: + | L48: - | M48: o | N48: o | O48: o | P48: o | Q48: o | R48: o | S48: o | T48: o | U48: o | V48: o | W48: o | X48: o | Y48: + | Z48: + | AA48: + | AB48: + | AC48: + | AD48: + | AE48: + | AF48: + | AG48: + | AH48: + | AI48: + | AJ48: + | AK48: + | AL48: + | AM48: + | AN48: + | AO48: + | AP48: o | AQ48: o | AR48: - | AS48: + | AT48: + | AU48: +
A49: TR48 | B49: + | C49: o | D49: o | E49: + | F49: o | G49: o | H49: o | I49: + | J49: o | K49: o | L49: - | M49: o | N49: o | O49: o | P49: o | Q49: o | R49: o | S49: o | T49: o | U49: o | V49: o | W49: o | X49: o | Y49: + | Z49: o | AA49: o | AB49: + | AC49: o | AD49: + | AE49: o | AF49: o | AG49: + | AH49: - | AI49: + | AJ49: + | AK49: + | AL49: + | AM49: + | AN49: + | AO49: + | AP49: o | AQ49: o | AR49: - | AS49: + | AT49: + | AU49: + | AV49: +
A50: TR49 | B50: o | C50: - | D50: + | E50: - | F50: o | G50: o | H50: o | I50: o | J50: o | K50: + | L50: o | M50: o | N50: o | O50: o | P50: o | Q50: o | R50: o | S50: o | T50: o | U50: o | V50: + | W50: + | X50: + | Y50: + | Z50: o | AA50: o | AB50: o | AC50: o | AD50: o | AE50: + | AF50: o | AG50: o | AH50: o | AI50: o | AJ50: o | AK50: o | AL50: - | AM50: + | AN50: - | AO50: - | AP50: o | AQ50: o | AR50: - | AS50: - | AT50: - | AU50: - | AV50: o | AW50: o
A51: TR50 | B51: o | C51: o | D51: o | E51: o | F51: o | G51: o | H51: o | I51: o | J51: o | K51: o | L51: o | M51: o | N51: o | O51: o | P51: o | Q51: o | R51: o | S51: o | T51: o | U51: o | V51: o | W51: o | X51: o | Y51: o | Z51: o | AA51: o | AB51: o | AC51: o | AD51: o | AE51: o | AF51: o | AG51: o | AH51: o | AI51: o | AJ51: o | AK51: o | AL51: - | AM51: + | AN51: - | AO51: - | AP51: o | AQ51: o | AR51: - | AS51: - | AT51: - | AU51: - | AV51: o | AW51: o | AX51: +
A52: TR51 | B52: o | C52: - | D52: + | E52: - | F52: o | G52: o | H52: o | I52: o | J52: o | K52: + | L52: o | M52: o | N52: - | O52: + | P52: - | Q52: - | R52: - | S52: - | T52: - | U52: + | V52: + | W52: + | X52: + | Y52: + | Z52: o | AA52: + | AB52: o | AC52: o | AD52: + | AE52: + | AF52: + | AG52: o | AH52: o | AI52: + | AJ52: + | AK52: + | AL52: - | AM52: + | AN52: - | AO52: + | AP52: o | AQ52: o | AR52: - | AS52: - | AT52: + | AU52: - | AV52: o | AW52: o | AX52: + | AY52: +
A53: TR52 | B53: o | C53: o | D53: + | E53: o | F53: o | G53: o | H53: o | I53: o | J53: o | K53: + | L53: o | M53: o | N53: o | O53: o | P53: o | Q53: o | R53: o | S53: o | T53: o | U53: o | V53: + | W53: + | X53: + | Y53: o | Z53: o | AA53: o | AB53: o | AC53: o | AD53: o | AE53: + | AF53: o | AG53: + | AH53: o | AI53: + | AJ53: + | AK53: + | AL53: - | AM53: + | AN53: - | AO53: + | AP53: o | AQ53: o | AR53: - | AS53: - | AT53: + | AU53: - | AV53: o | AW53: o | AX53: + | AY53: + | AZ53: +
A54: TR53 | B54: o | C54: o | D54: o | E54: o | F54: o | G54: o | H54: o | I54: o | J54: o | K54: o | L54: o | M54: o | N54: o | O54: o | P54: o | Q54: o | R54: o | S54: o | T54: o | U54: o | V54: o | W54: o | X54: o | Y54: o | Z54: o | AA54: o | AB54: o | AC54: o | AD54: o | AE54: o | AF54: o | AG54: o | AH54: o | AI54: o | AJ54: o | AK54: o | AL54: o | AM54: o | AN54: o | AO54: o | AP54: o | AQ54: o | AR54: o | AS54: o | AT54: o | AU54: o | AV54: o | AW54: o | AX54: o | AY54: o | AZ54: o | BA54: o
A55: TR54 | B55: o | C55: o | D55: o | E55: o | F55: o | G55: o | H55: o | I55: o | J55: o | K55: o | L55: o | M55: o | N55: o | O55: o | P55: o | Q55: o | R55: o | S55: o | T55: o | U55: o | V55: o | W55: o | X55: o | Y55: o | Z55: o | AA55: o | AB55: o | AC55: o | AD55: o | AE55: o | AF55: o | AG55: o | AH55: o | AI55: o | AJ55: o | AK55: o | AL55: o | AM55: o | AN55: o | AO55: o | AP55: o | AQ55: o | AR55: o | AS55: o | AT55: o | AU55: o | AV55: o | AW55: o | AX55: o | AY55: o | AZ55: o | BA55: o | BB55: +
A56: TR55 | B56: o | C56: o | D56: o | E56: o | F56: o | G56: o | H56: o | I56: o | J56: o | K56: o | L56: o | M56: o | N56: o | O56: o | P56: o | Q56: o | R56: o | S56: o | T56: o | U56: o | V56: o | W56: o | X56: o | Y56: + | Z56: o | AA56: o | AB56: o | AC56: o | AD56: o | AE56: o | AF56: o | AG56: o | AH56: o | AI56: o | AJ56: o | AK56: o | AL56: o | AM56: o | AN56: o | AO56: o | AP56: o | AQ56: o | AR56: o | AS56: o | AT56: o | AU56: o | AV56: o | AW56: o | AX56: o | AY56: o | AZ56: o | BA56: o | BB56: o | BC56: +
A57: TR56 | B57: o | C57: o | D57: o | E57: o | F57: o | G57: o | H57: o | I57: o | J57: o | K57: o | L57: o | M57: o | N57: o | O57: o | P57: o | Q57: o | R57: o | S57: o | T57: o | U57: o | V57: o | W57: o | X57: o | Y57: o | Z57: o | AA57: o | AB57: o | AC57: o | AD57: o | AE57: o | AF57: o | AG57: o | AH57: o | AI57: o | AJ57: o | AK57: o | AL57: o | AM57: o | AN57: o | AO57: o | AP57: o | AQ57: o | AR57: o | AS57: o | AT57: o | AU57: o | AV57: o | AW57: o | AX57: o | AY57: o | AZ57: o | BA57: o | BB57: + | BC57: + | BD57: +
A58: TR57 | B58: o | C58: o | D58: + | E58: o | F58: o | G58: o | H58: o | I58: o | J58: o | K58: + | L58: o | M58: o | N58: o | O58: o | P58: o | Q58: o | R58: o | S58: o | T58: o | U58: o | V58: o | W58: o | X58: o | Y58: + | Z58: o | AA58: o | AB58: + | AC58: o | AD58: o | AE58: o | AF58: o | AG58: o | AH58: o | AI58: o | AJ58: o | AK58: o | AL58: o | AM58: o | AN58: o | AO58: o | AP58: o | AQ58: o | AR58: o | AS58: o | AT58: o | AU58: o | AV58: o | AW58: o | AX58: o | AY58: o | AZ58: o | BA58: o | BB58: o | BC58: o | BD58: o | BE58: o
A59: TR58 | B59: o | C59: o | D59: + | E59: o | F59: o | G59: o | H59: o | I59: o | J59: o | K59: + | L59: o | M59: o | N59: o | O59: o | P59: o | Q59: o | R59: o | S59: o | T59: o | U59: o | V59: o | W59: o | X59: o | Y59: + | Z59: o | AA59: o | AB59: + | AC59: o | AD59: o | AE59: o | AF59: o | AG59: o | AH59: o | AI59: o | AJ59: o | AK59: o | AL59: o | AM59: o | AN59: o | AO59: o | AP59: o | AQ59: o | AR59: o | AS59: o | AT59: o | AU59: o | AV59: o | AW59: o | AX59: o | AY59: o | AZ59: o | BA59: o | BB59: o | BC59: o | BD59: o | BE59: o | BF59: o
A60: TR59 | B60: o | C60: o | D60: + | E60: o | F60: o | G60: o | H60: o | I60: o | J60: o | K60: + | L60: o | M60: o | N60: o | O60: o | P60: o | Q60: o | R60: o | S60: o | T60: o | U60: o | V60: o | W60: o | X60: o | Y60: + | Z60: o | AA60: o | AB60: - | AC60: o | AD60: o | AE60: o | AF60: o | AG60: o | AH60: o | AI60: o | AJ60: o | AK60: o | AL60: o | AM60: o | AN60: o | AO60: o | AP60: o | AQ60: o | AR60: o | AS60: o | AT60: o | AU60: o | AV60: o | AW60: o | AX60: o | AY60: o | AZ60: o | BA60: o | BB60: o | BC60: o | BD60: o | BE60: o | BF60: + | BG60: +
A61: TR60 | B61: o | C61: o | D61: + | E61: o | F61: o | G61: o | H61: o | I61: o | J61: o | K61: + | L61: o | M61: o | N61: o | O61: o | P61: o | Q61: o | R61: o | S61: o | T61: o | U61: o | V61: o | W61: o | X61: o | Y61: + | Z61: o | AA61: o | AB61: + | AC61: o | AD61: o | AE61: + | AF61: o | AG61: o | AH61: o | AI61: o | AJ61: o | AK61: o | AL61: o | AM61: o | AN61: o | AO61: o | AP61: o | AQ61: o | AR61: o | AS61: o | AT61: o | AU61: o | AV61: o | AW61: o | AX61: o | AY61: o | AZ61: o | BA61: o | BB61: o | BC61: o | BD61: o | BE61: o | BF61: + | BG61: + | BH61: +
A62: TR61 | B62: o | C62: o | D62: - | E62: o | F62: o | G62: o | H62: o | I62: o | J62: - | K62: - | L62: o | M62: o | N62: o | O62: o | P62: o | Q62: o | R62: o | S62: o | T62: o | U62: o | V62: + | W62: - | X62: + | Y62: + | Z62: + | AA62: + | AB62: o | AC62: + | AD62: + | AE62: + | AF62: + | AG62: - | AH62: + | AI62: + | AJ62: + | AK62: + | AL62: - | AM62: + | AN62: - | AO62: + | AP62: o | AQ62: + | AR62: - | AS62: + | AT62: + | AU62: - | AV62: + | AW62: o | AX62: - | AY62: - | AZ62: - | BA62: + | BB62: + | BC62: + | BD62: + | BE62: + | BF62: o | BG62: o | BH62: - | BI62: +
A63: TR62 | B63: o | C63: o | D63: - | E63: o | F63: o | G63: o | H63: o | I63: o | J63: o | K63: - | L63: o | M63: o | N63: o | O63: o | P63: o | Q63: o | R63: o | S63: o | T63: o | U63: o | V63: + | W63: - | X63: o | Y63: + | Z63: + | AA63: + | AB63: o | AC63: + | AD63: + | AE63: + | AF63: + | AG63: - | AH63: + | AI63: + | AJ63: + | AK63: + | AL63: - | AM63: + | AN63: - | AO63: + | AP63: o | AQ63: + | AR63: - | AS63: + | AT63: + | AU63: - | AV63: + | AW63: o | AX63: - | AY63: - | AZ63: - | BA63: + | BB63: + | BC63: + | BD63: + | BE63: + | BF63: o | BG63: o | BH63: - | BI63: + | BJ63: +
A64: TR63 | B64: o | C64: o | D64: + | E64: o | F64: o | G64: o | H64: o | I64: o | J64: o | K64: + | L64: o | M64: o | N64: o | O64: o | P64: o | Q64: o | R64: o | S64: o | T64: o | U64: o | V64: + | W64: + | X64: + | Y64: + | Z64: + | AA64: + | AB64: o | AC64: + | AD64: + | AE64: + | AF64: + | AG64: o | AH64: + | AI64: + | AJ64: + | AK64: + | AL64: - | AM64: + | AN64: - | AO64: + | AP64: o | AQ64: + | AR64: - | AS64: + | AT64: + | AU64: - | AV64: + | AW64: o | AX64: + | AY64: + | AZ64: + | BA64: + | BB64: + | BC64: + | BD64: + | BE64: + | BF64: o | BG64: o | BH64: - | BI64: - | BJ64: - | BK64: +
A65: TR64 | B65: o | C65: o | D65: + | E65: o | F65: o | G65: o | H65: o | I65: o | J65: o | K65: - | L65: o | M65: o | N65: o | O65: o | P65: o | Q65: o | R65: o | S65: o | T65: o | U65: o | V65: + | W65: + | X65: + | Y65: + | Z65: + | AA65: + | AB65: o | AC65: + | AD65: + | AE65: + | AF65: + | AG65: - | AH65: + | AI65: + | AJ65: + | AK65: + | AL65: - | AM65: + | AN65: - | AO65: + | AP65: o | AQ65: + | AR65: - | AS65: + | AT65: + | AU65: - | AV65: + | AW65: o | AX65: + | AY65: + | AZ65: + | BA65: + | BB65: + | BC65: + | BD65: + | BE65: + | BF65: o | BG65: o | BH65: - | BI65: - | BJ65: - | BK65: + | BL65: +
A66: TR65 | B66: o | C66: o | D66: + | E66: o | F66: o | G66: o | H66: o | I66: o | J66: o | K66: + | L66: o | M66: o | N66: o | O66: + | P66: + | Q66: - | R66: - | S66: - | T66: - | U66: + | V66: + | W66: + | X66: + | Y66: + | Z66: + | AA66: + | AB66: o | AC66: + | AD66: + | AE66: + | AF66: + | AG66: o | AH66: o | AI66: + | AJ66: + | AK66: + | AL66: - | AM66: + | AN66: - | AO66: + | AP66: + | AQ66: + | AR66: - | AS66: - | AT66: + | AU66: - | AV66: + | AW66: o | AX66: + | AY66: + | AZ66: + | BA66: + | BB66: o | BC66: + | BD66: + | BE66: o | BF66: o | BG66: o | BH66: - | BI66: - | BJ66: o | BK66: o | BL66: + | BM66: +
A67: TR66 | B67: o | C67: o | D67: + | E67: o | F67: o | G67: o | H67: o | I67: o | J67: - | K67: + | L67: o | M67: o | N67: o | O67: - | P67: - | Q67: - | R67: - | S67: - | T67: - | U67: + | V67: + | W67: + | X67: + | Y67: + | Z67: o | AA67: + | AB67: + | AC67: + | AD67: + | AE67: + | AF67: + | AG67: + | AH67: + | AI67: + | AJ67: + | AK67: + | AL67: - | AM67: + | AN67: - | AO67: + | AP67: + | AQ67: + | AR67: - | AS67: - | AT67: + | AU67: - | AV67: + | AW67: o | AX67: + | AY67: + | AZ67: + | BA67: + | BB67: o | BC67: + | BD67: + | BE67: o | BF67: o | BG67: o | BH67: - | BI67: - | BJ67: o | BK67: o | BL67: + | BM67: + | BN67: +
A68: TR67 | B68: o | C68: o | D68: + | E68: o | F68: o | G68: o | H68: o | I68: o | J68: - | K68: + | L68: o | M68: o | N68: o | O68: o | P68: o | Q68: o | R68: o | S68: o | T68: o | U68: + | V68: + | W68: + | X68: + | Y68: + | Z68: + | AA68: + | AB68: o | AC68: + | AD68: + | AE68: + | AF68: + | AG68: - | AH68: + | AI68: + | AJ68: + | AK68: + | AL68: - | AM68: + | AN68: - | AO68: + | AP68: + | AQ68: + | AR68: - | AS68: - | AT68: + | AU68: - | AV68: + | AW68: o | AX68: + | AY68: + | AZ68: + | BA68: + | BB68: + | BC68: + | BD68: + | BE68: + | BF68: o | BG68: o | BH68: - | BI68: - | BJ68: - | BK68: o | BL68: + | BM68: + | BN68: + | BO68: +
A69: TR68 | B69: o | C69: o | D69: + | E69: o | F69: o | G69: o | H69: o | I69: o | J69: o | K69: + | L69: o | M69: o | N69: o | O69: o | P69: o | Q69: o | R69: o | S69: + | T69: + | U69: + | V69: + | W69: + | X69: + | Y69: + | Z69: o | AA69: + | AB69: o | AC69: o | AD69: + | AE69: + | AF69: + | AG69: o | AH69: o | AI69: + | AJ69: + | AK69: + | AL69: - | AM69: + | AN69: - | AO69: + | AP69: + | AQ69: + | AR69: - | AS69: - | AT69: + | AU69: - | AV69: + | AW69: o | AX69: + | AY69: + | AZ69: + | BA69: + | BB69: o | BC69: + | BD69: + | BE69: + | BF69: o | BG69: o | BH69: - | BI69: - | BJ69: o | BK69: o | BL69: + | BM69: + | BN69: + | BO69: + | BP69: +
A70: TR69 | B70: o | C70: o | D70: + | E70: o | F70: o | G70: o | H70: o | I70: o | J70: - | K70: + | L70: o | M70: o | N70: o | O70: o | P70: o | Q70: o | R70: o | S70: o | T70: o | U70: + | V70: + | W70: + | X70: + | Y70: + | Z70: + | AA70: + | AB70: o | AC70: + | AD70: + | AE70: + | AF70: + | AG70: o | AH70: + | AI70: + | AJ70: + | AK70: + | AL70: - | AM70: + | AN70: - | AO70: + | AP70: + | AQ70: + | AR70: - | AS70: - | AT70: + | AU70: - | AV70: + | AW70: o | AX70: + | AY70: + | AZ70: + | BA70: + | BB70: o | BC70: + | BD70: + | BE70: + | BF70: o | BG70: o | BH70: - | BI70: - | BJ70: o | BK70: o | BL70: + | BM70: + | BN70: + | BO70: + | BP70: + | BQ70: +
A71: TR70 | B71: + | C71: + | D71: + | E71: + | F71: + | G71: + | H71: + | I71: o | J71: + | K71: + | L71: - | M71: + | N71: + | O71: o | P71: o | Q71: o | R71: o | S71: + | T71: + | U71: + | V71: + | W71: + | X71: + | Y71: + | Z71: o | AA71: + | AB71: + | AC71: + | AD71: + | AE71: + | AF71: + | AG71: o | AH71: o | AI71: + | AJ71: + | AK71: + | AL71: + | AM71: + | AN71: + | AO71: + | AP71: + | AQ71: + | AR71: - | AS71: + | AT71: + | AU71: + | AV71: + | AW71: o | AX71: + | AY71: + | AZ71: + | BA71: + | BB71: + | BC71: + | BD71: + | BE71: + | BF71: o | BG71: o | BH71: - | BI71: - | BJ71: o | BK71: o | BL71: + | BM71: + | BN71: + | BO71: + | BP71: + | BQ71: + | BR71: +
A72: TR71 | B72: o | C72: o | D72: + | E72: - | F72: o | G72: o | H72: o | I72: o | J72: - | K72: + | L72: o | M72: + | N72: + | O72: o | P72: o | Q72: o | R72: o | S72: + | T72: + | U72: + | V72: + | W72: + | X72: + | Y72: + | Z72: o | AA72: + | AB72: + | AC72: o | AD72: + | AE72: + | AF72: + | AG72: o | AH72: + | AI72: + | AJ72: + | AK72: + | AL72: + | AM72: + | AN72: + | AO72: + | AP72: + | AQ72: + | AR72: - | AS72: + | AT72: + | AU72: + | AV72: + | AW72: o | AX72: + | AY72: + | AZ72: + | BA72: + | BB72: o | BC72: + | BD72: + | BE72: + | BF72: o | BG72: o | BH72: - | BI72: - | BJ72: o | BK72: o | BL72: + | BM72: + | BN72: + | BO72: + | BP72: + | BQ72: + | BR72: + | BS72: +
A73: TR72 | B73: o | C73: o | D73: + | E73: o | F73: + | G73: + | H73: + | I73: o | J73: - | K73: + | L73: o | M73: o | N73: o | O73: o | P73: o | Q73: o | R73: o | S73: + | T73: + | U73: + | V73: + | W73: + | X73: + | Y73: + | Z73: + | AA73: + | AB73: + | AC73: + | AD73: + | AE73: + | AF73: + | AG73: + | AH73: + | AI73: + | AJ73: + | AK73: + | AL73: - | AM73: + | AN73: - | AO73: + | AP73: + | AQ73: + | AR73: - | AS73: + | AT73: + | AU73: + | AV73: + | AW73: o | AX73: + | AY73: + | AZ73: + | BA73: + | BB73: + | BC73: + | BD73: + | BE73: + | BF73: - | BG73: - | BH73: - | BI73: - | BJ73: o | BK73: o | BL73: + | BM73: + | BN73: + | BO73: + | BP73: + | BQ73: + | BR73: + | BS73: + | BT73: +
A74: TR73 | B74: o | C74: o | D74: + | E74: + | F74: o | G74: o | H74: o | I74: + | J74: - | K74: + | L74: o | M74: o | N74: o | O74: o | P74: o | Q74: o | R74: o | S74: o | T74: o | U74: o | V74: + | W74: + | X74: + | Y74: o | Z74: o | AA74: o | AB74: o | AC74: o | AD74: o | AE74: o | AF74: o | AG74: + | AH74: o | AI74: + | AJ74: o | AK74: + | AL74: o | AM74: + | AN74: o | AO74: + | AP74: o | AQ74: o | AR74: o | AS74: o | AT74: o | AU74: o | AV74: o | AW74: o | AX74: + | AY74: + | AZ74: + | BA74: + | BB74: + | BC74: + | BD74: + | BE74: + | BF74: o | BG74: o | BH74: o | BI74: o | BJ74: o | BK74: o | BL74: + | BM74: + | BN74: + | BO74: + | BP74: + | BQ74: + | BR74: + | BS74: + | BT74: + | BU74: +
A75: TR74 | B75: o | C75: o | D75: + | E75: + | F75: o | G75: o | H75: o | I75: + | J75: - | K75: + | L75: o | M75: o | N75: o | O75: o | P75: o | Q75: o | R75: o | S75: o | T75: o | U75: o | V75: + | W75: + | X75: + | Y75: o | Z75: o | AA75: o | AB75: o | AC75: o | AD75: o | AE75: o | AF75: o | AG75: + | AH75: o | AI75: + | AJ75: o | AK75: + | AL75: o | AM75: + | AN75: o | AO75: + | AP75: o | AQ75: o | AR75: o | AS75: o | AT75: o | AU75: o | AV75: o | AW75: o | AX75: + | AY75: + | AZ75: + | BA75: + | BB75: + | BC75: + | BD75: + | BE75: + | BF75: o | BG75: o | BH75: o | BI75: o | BJ75: o | BK75: o | BL75: + | BM75: + | BN75: + | BO75: + | BP75: + | BQ75: + | BR75: + | BS75: + | BT75: + | BU75: + | BV75: +
A76: TR75 | B76: o | C76: o | D76: + | E76: + | F76: o | G76: o | H76: o | I76: - | J76: - | K76: + | L76: o | M76: o | N76: o | O76: o | P76: o | Q76: o | R76: o | S76: o | T76: o | U76: o | V76: + | W76: + | X76: + | Y76: + | Z76: o | AA76: + | AB76: + | AC76: o | AD76: + | AE76: o | AF76: + | AG76: + | AH76: + | AI76: + | AJ76: + | AK76: + | AL76: - | AM76: + | AN76: - | AO76: + | AP76: o | AQ76: o | AR76: - | AS76: - | AT76: - | AU76: - | AV76: - | AW76: o | AX76: - | AY76: + | AZ76: + | BA76: + | BB76: - | BC76: + | BD76: + | BE76: - | BF76: + | BG76: + | BH76: + | BI76: + | BJ76: o | BK76: o | BL76: + | BM76: + | BN76: + | BO76: + | BP76: + | BQ76: + | BR76: + | BS76: + | BT76: + | BU76: - | BV76: - | BW76: -
A77: TR76 | B77: o | C77: o | D77: + | E77: o | F77: o | G77: o | H77: o | I77: o | J77: - | K77: + | L77: o | M77: o | N77: o | O77: o | P77: o | Q77: o | R77: o | S77: o | T77: o | U77: o | V77: + | W77: + | X77: + | Y77: + | Z77: o | AA77: + | AB77: + | AC77: o | AD77: + | AE77: o | AF77: + | AG77: + | AH77: + | AI77: + | AJ77: + | AK77: + | AL77: - | AM77: + | AN77: - | AO77: + | AP77: o | AQ77: o | AR77: - | AS77: - | AT77: - | AU77: - | AV77: o | AW77: o | AX77: + | AY77: + | AZ77: + | BA77: + | BB77: o | BC77: + | BD77: + | BE77: + | BF77: + | BG77: + | BH77: + | BI77: + | BJ77: o | BK77: o | BL77: + | BM77: + | BN77: + | BO77: + | BP77: + | BQ77: + | BR77: + | BS77: + | BT77: + | BU77: + | BV77: + | BW77: + | BX77: +
A78: TR77 | B78: + | C78: o | D78: o | E78: + | F78: o | G78: o | H78: o | I78: + | J78: - | K78: + | L78: o | M78: o | N78: o | O78: o | P78: o | Q78: o | R78: o | S78: o | T78: o | U78: o | V78: + | W78: o | X78: + | Y78: + | Z78: o | AA78: + | AB78: + | AC78: o | AD78: + | AE78: o | AF78: + | AG78: + | AH78: + | AI78: + | AJ78: + | AK78: + | AL78: - | AM78: + | AN78: - | AO78: + | AP78: o | AQ78: o | AR78: - | AS78: - | AT78: - | AU78: - | AV78: o | AW78: o | AX78: - | AY78: + | AZ78: + | BA78: + | BB78: - | BC78: + | BD78: + | BE78: o | BF78: o | BG78: o | BH78: + | BI78: + | BJ78: o | BK78: o | BL78: + | BM78: + | BN78: + | BO78: + | BP78: + | BQ78: + | BR78: + | BS78: + | BT78: + | BU78: - | BV78: + | BW78: + | BX78: + | BY78: +
A79: TR78 | B79: + | C79: o | D79: o | E79: + | F79: o | G79: o | H79: o | I79: + | J79: - | K79: + | L79: o | M79: o | N79: o | O79: o | P79: o | Q79: o | R79: o | S79: o | T79: o | U79: o | V79: + | W79: o | X79: + | Y79: + | Z79: + | AA79: + | AB79: + | AC79: o | AD79: + | AE79: + | AF79: + | AG79: + | AH79: + | AI79: + | AJ79: + | AK79: + | AL79: + | AM79: + | AN79: + | AO79: + | AP79: + | AQ79: + | AR79: - | AS79: - | AT79: + | AU79: + | AV79: + | AW79: o | AX79: + | AY79: + | AZ79: + | BA79: + | BB79: o | BC79: + | BD79: + | BE79: o | BF79: o | BG79: o | BH79: + | BI79: + | BJ79: o | BK79: o | BL79: + | BM79: + | BN79: + | BO79: + | BP79: + | BQ79: + | BR79: + | BS79: + | BT79: + | BU79: + | BV79: + | BW79: + | BX79: + | BY79: + | BZ79: +
A80: TR79 | B80: + | C80: o | D80: o | E80: + | F80: o | G80: o | H80: o | I80: + | J80: - | K80: + | L80: o | M80: o | N80: o | O80: o | P80: o | Q80: o | R80: o | S80: o | T80: o | U80: o | V80: + | W80: o | X80: + | Y80: + | Z80: + | AA80: + | AB80: + | AC80: o | AD80: + | AE80: + | AF80: + | AG80: + | AH80: + | AI80: + | AJ80: + | AK80: + | AL80: + | AM80: + | AN80: + | AO80: + | AP80: + | AQ80: + | AR80: - | AS80: - | AT80: + | AU80: + | AV80: + | AW80: o | AX80: + | AY80: + | AZ80: + | BA80: + | BB80: o | BC80: + | BD80: + | BE80: + | BF80: o | BG80: o | BH80: + | BI80: + | BJ80: o | BK80: o | BL80: + | BM80: + | BN80: + | BO80: + | BP80: + | BQ80: + | BR80: + | BS80: + | BT80: + | BU80: + | BV80: + | BW80: + | BX80: - | BY80: - | BZ80: - | CA80: -
A81: TR80 | B81: + | C81: o | D81: o | E81: + | F81: o | G81: o | H81: o | I81: + | J81: - | K81: + | L81: o | M81: o | N81: o | O81: o | P81: o | Q81: o | R81: o | S81: o | T81: o | U81: o | V81: + | W81: o | X81: + | Y81: + | Z81: + | AA81: + | AB81: + | AC81: o | AD81: + | AE81: + | AF81: + | AG81: + | AH81: + | AI81: + | AJ81: + | AK81: + | AL81: + | AM81: + | AN81: + | AO81: + | AP81: + | AQ81: + | AR81: - | AS81: - | AT81: + | AU81: + | AV81: + | AW81: o | AX81: + | AY81: + | AZ81: + | BA81: + | BB81: o | BC81: + | BD81: + | BE81: + | BF81: - | BG81: - | BH81: - | BI81: - | BJ81: o | BK81: o | BL81: + | BM81: + | BN81: + | BO81: + | BP81: + | BQ81: + | BR81: + | BS81: + | BT81: + | BU81: + | BV81: + | BW81: + | BX81: - | BY81: - | BZ81: - | CA81: - | CB81: +
A82: TR81 | B82: + | C82: + | D82: o | E82: + | F82: o | G82: o | H82: o | I82: + | J82: o | K82: + | L82: o | M82: o | N82: + | O82: o | P82: o | Q82: o | R82: o | S82: o | T82: o | U82: o | V82: + | W82: + | X82: + | Y82: + | Z82: o | AA82: o | AB82: + | AC82: o | AD82: o | AE82: o | AF82: o | AG82: o | AH82: o | AI82: o | AJ82: o | AK82: o | AL82: o | AM82: o | AN82: o | AO82: o | AP82: + | AQ82: + | AR82: o | AS82: o | AT82: o | AU82: o | AV82: o | AW82: o | AX82: o | AY82: o | AZ82: o | BA82: o | BB82: o | BC82: o | BD82: o | BE82: o | BF82: o | BG82: o | BH82: o | BI82: o | BJ82: o | BK82: o | BL82: o | BM82: o | BN82: o | BO82: o | BP82: o | BQ82: o | BR82: o | BS82: o | BT82: + | BU82: o | BV82: o | BW82: o | BX82: o | BY82: o | BZ82: o | CA82: o | CB82: o | CC82: o
A83: TR82 | B83: + | C83: o | D83: o | E83: + | F83: o | G83: o | H83: o | I83: + | J83: o | K83: o | L83: o | M83: o | N83: o | O83: o | P83: o | Q83: o | R83: o | S83: o | T83: o | U83: o | V83: o | W83: o | X83: o | Y83: o | Z83: o | AA83: o | AB83: + | AC83: o | AD83: o | AE83: o | AF83: o | AG83: o | AH83: o | AI83: o | AJ83: o | AK83: o | AL83: o | AM83: o | AN83: o | AO83: o | AP83: o | AQ83: o | AR83: o | AS83: o | AT83: o | AU83: o | AV83: o | AW83: o | AX83: o | AY83: o | AZ83: o | BA83: o | BB83: o | BC83: o | BD83: o | BE83: o | BF83: o | BG83: o | BH83: o | BI83: o | BJ83: o | BK83: o | BL83: o | BM83: o | BN83: o | BO83: o | BP83: o | BQ83: o | BR83: o | BS83: o | BT83: + | BU83: o | BV83: o | BW83: o | BX83: o | BY83: o | BZ83: o | CA83: o | CB83: o | CC83: o | CD83: +
A84: TR83 | B84: + | C84: o | D84: o | E84: + | F84: o | G84: o | H84: o | I84: + | J84: o | K84: + | L84: o | M84: o | N84: o | O84: o | P84: o | Q84: o | R84: o | S84: o | T84: o | U84: o | V84: o | W84: o | X84: o | Y84: o | Z84: o | AA84: o | AB84: + | AC84: o | AD84: o | AE84: o | AF84: o | AG84: o | AH84: o | AI84: o | AJ84: o | AK84: o | AL84: o | AM84: o | AN84: o | AO84: o | AP84: o | AQ84: o | AR84: o | AS84: o | AT84: o | AU84: o | AV84: o | AW84: o | AX84: o | AY84: o | AZ84: o | BA84: o | BB84: o | BC84: o | BD84: o | BE84: o | BF84: o | BG84: o | BH84: o | BI84: o | BJ84: o | BK84: o | BL84: o | BM84: o | BN84: o | BO84: o | BP84: o | BQ84: o | BR84: o | BS84: o | BT84: + | BU84: o | BV84: o | BW84: o | BX84: o | BY84: o | BZ84: o | CA84: o | CB84: o | CC84: o | CD84: + | CE84: +
A85: TR84 | B85: + | C85: - | D85: o | E85: + | F85: o | G85: o | H85: o | I85: + | J85: o | K85: + | L85: o | M85: o | N85: o | O85: o | P85: o | Q85: o | R85: o | S85: o | T85: o | U85: o | V85: o | W85: o | X85: o | Y85: + | Z85: o | AA85: o | AB85: + | AC85: o | AD85: o | AE85: o | AF85: o | AG85: o | AH85: o | AI85: o | AJ85: o | AK85: o | AL85: o | AM85: o | AN85: o | AO85: o | AP85: + | AQ85: + | AR85: o | AS85: o | AT85: o | AU85: o | AV85: o | AW85: o | AX85: o | AY85: o | AZ85: o | BA85: o | BB85: o | BC85: o | BD85: o | BE85: o | BF85: o | BG85: o | BH85: o | BI85: o | BJ85: o | BK85: o | BL85: o | BM85: o | BN85: o | BO85: o | BP85: o | BQ85: o | BR85: o | BS85: o | BT85: + | BU85: o | BV85: o | BW85: o | BX85: o | BY85: o | BZ85: o | CA85: o | CB85: o | CC85: o | CD85: - | CE85: - | CF85: -
B86: TR1 | C86: TR2 | D86: TR3 | E86: TR4 | F86: TR5 | G86: TR6 | H86: TR7 | I86: TR8 | J86: TR9 | K86: TR10 | L86: TR11 | M86: TR12 | N86: TR13 | O86: TR14 | P86: TR15 | Q86: TR16 | R86: TR17 | S86: TR18 | T86: TR19 | U86: TR20 | V86: TR21 | W86: TR22 | X86: TR23 | Y86: TR24 | Z86: TR25 | AA86: TR26 | AB86: TR27 | AC86: TR28 | AD86: TR29 | AE86: TR30 | AF86: TR31 | AG86: TR32 | AH86: TR33 | AI86: TR34 | AJ86: TR35 | AK86: TR36 | AL86: TR37 | AM86: TR38 | AN86: TR39 | AO86: TR40 | AP86: TR41 | AQ86: TR42 | AR86: TR43 | AS86: TR44 | AT86: TR45 | AU86: TR46 | AV86: TR47 | AW86: TR48 | AX86: TR49 | AY86: TR50 | AZ86: TR51 | BA86: TR52 | BB86: TR53 | BC86: TR54 | BD86: TR55 | BE86: TR56 | BF86: TR57 | BG86: TR58 | BH86: TR59 | BI86: TR60 | BJ86: TR61 | BK86: TR62 | BL86: TR63 | BM86: TR64 | BN86: TR65 | BO86: TR66 | BP86: TR67 | BQ86: TR68 | BR86: TR69 | BS86: TR70 | BT86: TR71 | BU86: TR72 | BV86: TR73 | BW86: TR74 | BX86: TR75 | BY86: TR76 | BZ86: TR77 | CA86: TR78 | CB86: TR79 | CC86: TR80 | CD86: TR81 | CE86: TR82 | CF86: TR83 | CG86: TR84

Sheet CR-TR_Importance
B1: ='CR-TR_Interactions'!B1 -> C1 | C1: ='CR-TR_Interactions'!C1 -> C2 | D1: ='CR-TR_Interactions'!D1 -> C3 | E1: ='CR-TR_Interactions'!E1 -> C4 | F1: ='CR-TR_Interactions'!F1 -> C5 | G1: ='CR-TR_Interactions'!G1 -> C6 | H1: ='CR-TR_Interactions'!H1 -> C7 | I1: ='CR-TR_Interactions'!I1 -> C8 | ... V1: ='CR-TR_Interactions'!V1 -> C21 | W1: SUM | X1: Weight | Y1: Rank
A2: ='CR-TR_Interactions'!A2 -> TR1 | B2: ='CR-TR_Interactions'!B2*Metrics_Voting!$C$3 -> 36 | C2: ='CR-TR_Interactions'!C2*Metrics_Voting!$C$4 -> 0 | D2: ='CR-TR_Interactions'!D2*Metrics_Voting!$C$5 -> 0 | E2: ='CR-TR_Interactions'!E2*Metrics_Voting!$C$7 -> 0 | F2: ='CR-TR_Interactions'!F2*Metrics_Voting!$C$8 -> 27 | G2: ='CR-TR_Interactions'!G2*Metrics_Voting!$C$9 -> 29.25 | H2: ='CR-TR_Interactions'!H2*Metrics_Voting!$C$11 -> 3.5 | I2: ='CR-TR_Interactions'!I2*Metrics_Voting!$C$12 -> 0 | J2: ='CR-TR_Interactions'!J2*Metrics_Voting!$C$13 -> 0 | K2: ='CR-TR_Interactions'!K2*Metrics_Voting!$C$15 -> 0 | L2: ='CR-TR_Interactions'!L2*Metrics_Voting!$C$16 -> 0 | M2: ='CR-TR_Interactions'!M2*Metrics_Voting!$C$17 -> 0 | N2: ='CR-TR_Interactions'!N2*Metrics_Voting!$C$19 -> 9.75 | O2: ='CR-TR_Interactions'!O2*Metrics_Voting!$C$20 -> 2.75 | P2: ='CR-TR_Interactions'!P2*Metrics_Voting!$C$21 -> 0 | Q2: ='CR-TR_Interactions'!Q2*Metrics_Voting!$C$23 -> 3.75 | R2: ='CR-TR_Interactions'!R2*Metrics_Voting!$C$24 -> 11.25 | S2: ='CR-TR_Interactions'!S2*Metrics_Voting!$C$25 -> 8.25 | T2: ='CR-TR_Interactions'!T2*Metrics_Voting!$C$27 -> 0 | U2: ='CR-TR_Interactions'!U2*Metrics_Voting!$C$28 -> 8.25 | V2: ='CR-TR_Interactions'!V2*Metrics_Voting!$C$29 -> 0 | W2: =SUM(B2:V2) -> 139.75 | X2: =W2/$W$86 -> 0.013199216 | Y2: =_xlfn.RANK.EQ(W2, $W$2:$W$85) -> 31
A3: ='CR-TR_Interactions'!A3 -> TR2 | B3: ='CR-TR_Interactions'!B3*Metrics_Voting!$C$3 -> 36 | C3: ='CR-TR_Interactions'!C3*Metrics_Voting!$C$4 -> 3.25 | D3: ='CR-TR_Interactions'!D3*Metrics_Voting!$C$5 -> 0 | E3: ='CR-TR_Interactions'!E3*Metrics_Voting!$C$7 -> 11.25 | F3: ='CR-TR_Interactions'!F3*Metrics_Voting!$C$8 -> 27 | G3: ='CR-TR_Interactions'!G3*Metrics_Voting!$C$9 -> 29.25 | H3: ='CR-TR_Interactions'!H3*Metrics_Voting!$C$11 -> 3.5 | I3: ='CR-TR_Interactions'!I3*Metrics_Voting!$C$12 -> 0 | J3: ='CR-TR_Interactions'!J3*Metrics_Voting!$C$13 -> 0 | K3: ='CR-TR_Interactions'!K3*Metrics_Voting!$C$15 -> 0 | L3: ='CR-TR_Interactions'!L3*Metrics_Voting!$C$16 -> 0 | M3: ='CR-TR_Interactions'!M3*Metrics_Voting!$C$17 -> 0 | N3: ='CR-TR_Interactions'!N3*Metrics_Voting!$C$19 -> 9.75 | O3: ='CR-TR_Interactions'!O3*Metrics_Voting!$C$20 -> 8.25 | P3: ='CR-TR_Interactions'!P3*Metrics_Voting!$C$21 -> 10.5 | Q3: ='CR-TR_Interactions'!Q3*Metrics_Voting!$C$23 -> 11.25 | R3: ='CR-TR_Interactions'!R3*Metrics_Voting!$C$24 -> 11.25 | S3: ='CR-TR_Interactions'!S3*Metrics_Voting!$C$25 -> 8.25 | T3: ='CR-TR_Interactions'!T3*Metrics_Voting!$C$27 -> 0 | U3: ='CR-TR_Interactions'!U3*Metrics_Voting!$C$28 -> 8.25 | V3: ='CR-TR_Interactions'!V3*Metrics_Voting!$C$29 -> 0 | W3: =SUM(B3:V3) -> 177.75 | X3: =W3/$W$86 -> 0.016788269 | Y3: =_xlfn.RANK.EQ(W3, $W$2:$W$85) -> 11
A4: ='CR-TR_Interactions'!A4 -> TR3 | B4: ='CR-TR_Interactions'!B4*Metrics_Voting!$C$3 -> 12 | C4: ='CR-TR_Interactions'!C4*Metrics_Voting!$C$4 -> 0 | D4: ='CR-TR_Interactions'!D4*Metrics_Voting!$C$5 -> 0 | E4: ='CR-TR_Interactions'!E4*Metrics_Voting!$C$7 -> 0 | F4: ='CR-TR_Interactions'!F4*Metrics_Voting!$C$8 -> 9 | G4: ='CR-TR_Interactions'!G4*Metrics_Voting!$C$9 -> 9.75 | H4: ='CR-TR_Interactions'!H4*Metrics_Voting!$C$11 -> 0 | I4: ='CR-TR_Interactions'!I4*Metrics_Voting!$C$12 -> 0 | J4: ='CR-TR_Interactions'!J4*Metrics_Voting!$C$13 -> 0 | K4: ='CR-TR_Interactions'!K4*Metrics_Voting!$C$15 -> 0 | L4: ='CR-TR_Interactions'!L4*Metrics_Voting!$C$16 -> 0 | M4: ='CR-TR_Interactions'!M4*Metrics_Voting!$C$17 -> 0 | N4: ='CR-TR_Interactions'!N4*Metrics_Voting!$C$19 -> 29.25 | O4: ='CR-TR_Interactions'!O4*Metrics_Voting!$C$20 -> 2.75 | P4: ='CR-TR_Interactions'!P4*Metrics_Voting!$C$21 -> 3.5 | Q4: ='CR-TR_Interactions'!Q4*Metrics_Voting!$C$23 -> 11.25 | R4: ='CR-TR_Interactions'!R4*Metrics_Voting!$C$24 -> 33.75 | S4: ='CR-TR_Interactions'!S4*Metrics_Voting!$C$25 -> 24.75 | T4: ='CR-TR_Interactions'!T4*Metrics_Voting!$C$27 -> 0 | U4: ='CR-TR_Interactions'!U4*Metrics_Voting!$C$28 -> 2.75 | V4: ='CR-TR_Interactions'!V4*Metrics_Voting!$C$29 -> 0 | W4: =SUM(B4:V4) -> 138.75 | X4: =W4/$W$86 -> 0.013104767 | Y4: =_xlfn.RANK.EQ(W4, $W$2:$W$85) -> 32
A5: ='CR-TR_Interactions'!A5 -> TR4 | B5: ='CR-TR_Interactions'!B5*Metrics_Voting!$C$3 -> 36 | C5: ='CR-TR_Interactions'!C5*Metrics_Voting!$C$4 -> 9.75 | D5: ='CR-TR_Interactions'!D5*Metrics_Voting!$C$5 -> 0 | E5: ='CR-TR_Interactions'!E5*Metrics_Voting!$C$7 -> 11.25 | F5: ='CR-TR_Interactions'!F5*Metrics_Voting!$C$8 -> 27 | G5: ='CR-TR_Interactions'!G5*Metrics_Voting!$C$9 -> 9.75 | H5: ='CR-TR_Interactions'!H5*Metrics_Voting!$C$11 -> 3.5 | I5: ='CR-TR_Interactions'!I5*Metrics_Voting!$C$12 -> 0 | J5: ='CR-TR_Interactions'!J5*Metrics_Voting!$C$13 -> 0 | K5: ='CR-TR_Interactions'!K5*Metrics_Voting!$C$15 -> 0 | L5: ='CR-TR_Interactions'!L5*Metrics_Voting!$C$16 -> 3.25 | M5: ='CR-TR_Interactions'!M5*Metrics_Voting!$C$17 -> 0 | N5: ='CR-TR_Interactions'!N5*Metrics_Voting!$C$19 -> 9.75 | O5: ='CR-TR_Interactions'!O5*Metrics_Voting!$C$20 -> 8.25 | P5: ='CR-TR_Interactions'!P5*Metrics_Voting!$C$21 -> 0 | Q5: ='CR-TR_Interactions'!Q5*Metrics_Voting!$C$23 -> 11.25 | R5: ='CR-TR_Interactions'!R5*Metrics_Voting!$C$24 -> 11.25 | S5: ='CR-TR_Interactions'!S5*Metrics_Voting!$C$25 -> 8.25 | T5: ='CR-TR_Interactions'!T5*Metrics_Voting!$C$27 -> 0 | U5: ='CR-TR_Interactions'!U5*Metrics_Voting!$C$28 -> 8.25 | V5: ='CR-TR_Interactions'!V5*Metrics_Voting!$C$29 -> 3.75 | W5: =SUM(B5:V5) -> 161.25 | X5: =W5/$W$86 -> 0.015229865 | Y5: =_xlfn.RANK.EQ(W5, $W$2:$W$85) -> 19
A6: ='CR-TR_Interactions'!A6 -> TR5 | B6: ='CR-TR_Interactions'!B6*Metrics_Voting!$C$3 -> 4 | C6: ='CR-TR_Interactions'!C6*Metrics_Voting!$C$4 -> 29.25 | D6: ='CR-TR_Interactions'!D6*Metrics_Voting!$C$5 -> 0 | E6: ='CR-TR_Interactions'!E6*Metrics_Voting!$C$7 -> 11.25 | F6: ='CR-TR_Interactions'!F6*Metrics_Voting!$C$8 -> 9 | G6: ='CR-TR_Interactions'!G6*Metrics_Voting!$C$9 -> 3.25 | H6: ='CR-TR_Interactions'!H6*Metrics_Voting!$C$11 -> 3.5 | I6: ='CR-TR_Interactions'!I6*Metrics_Voting!$C$12 -> 0 | J6: ='CR-TR_Interactions'!J6*Metrics_Voting!$C$13 -> 0 | K6: ='CR-TR_Interactions'!K6*Metrics_Voting!$C$15 -> 0 | L6: ='CR-TR_Interactions'!L6*Metrics_Voting!$C$16 -> 0 | M6: ='CR-TR_Interactions'!M6*Metrics_Voting!$C$17 -> 0 | N6: ='CR-TR_Interactions'!N6*Metrics_Voting!$C$19 -> 9.75 | O6: ='CR-TR_Interactions'!O6*Metrics_Voting!$C$20 -> 8.25 | P6: ='CR-TR_Interactions'!P6*Metrics_Voting!$C$21 -> 0 | Q6: ='CR-TR_Interactions'!Q6*Metrics_Voting!$C$23 -> 3.75 | R6: ='CR-TR_Interactions'!R6*Metrics_Voting!$C$24 -> 11.25 | S6: ='CR-TR_Interactions'!S6*Metrics_Voting!$C$25 -> 2.75 | T6: ='CR-TR_Interactions'!T6*Metrics_Voting!$C$27 -> 0 | U6: ='CR-TR_Interactions'!U6*Metrics_Voting!$C$28 -> 8.25 | V6: ='CR-TR_Interactions'!V6*Metrics_Voting!$C$29 -> 0 | W6: =SUM(B6:V6) -> 104.25 | X6: =W6/$W$86 -> 0.0098462846 | Y6: =_xlfn.RANK.EQ(W6, $W$2:$W$85) -> 53
A7: ='CR-TR_Interactions'!A7 -> TR6 | B7: ='CR-TR_Interactions'!B7*Metrics_Voting!$C$3 -> 4 | C7: ='CR-TR_Interactions'!C7*Metrics_Voting!$C$4 -> 29.25 | D7: ='CR-TR_Interactions'!D7*Metrics_Voting!$C$5 -> 0 | E7: ='CR-TR_Interactions'!E7*Metrics_Voting!$C$7 -> 11.25 | F7: ='CR-TR_Interactions'!F7*Metrics_Voting!$C$8 -> 9 | G7: ='CR-TR_Interactions'!G7*Metrics_Voting!$C$9 -> 3.25 | H7: ='CR-TR_Interactions'!H7*Metrics_Voting!$C$11 -> 3.5 | I7: ='CR-TR_Interactions'!I7*Metrics_Voting!$C$12 -> 0 | J7: ='CR-TR_Interactions'!J7*Metrics_Voting!$C$13 -> 0 | K7: ='CR-TR_Interactions'!K7*Metrics_Voting!$C$15 -> 0 | L7: ='CR-TR_Interactions'!L7*Metrics_Voting!$C$16 -> 0 | M7: ='CR-TR_Interactions'!M7*Metrics_Voting!$C$17 -> 0 | N7: ='CR-TR_Interactions'!N7*Metrics_Voting!$C$19 -> 9.75 | O7: ='CR-TR_Interactions'!O7*Metrics_Voting!$C$20 -> 2.75 | P7: ='CR-TR_Interactions'!P7*Metrics_Voting!$C$21 -> 0 | Q7: ='CR-TR_Interactions'!Q7*Metrics_Voting!$C$23 -> 3.75 | R7: ='CR-TR_Interactions'!R7*Metrics_Voting!$C$24 -> 11.25 | S7: ='CR-TR_Interactions'!S7*Metrics_Voting!$C$25 -> 2.75 | T7: ='CR-TR_Interactions'!T7*Metrics_Voting!$C$27 -> 0 | U7: ='CR-TR_Interactions'!U7*Metrics_Voting!$C$28 -> 8.25 | V7: ='CR-TR_Interactions'!V7*Metrics_Voting!$C$29 -> 0 | W7: =SUM(B7:V7) -> 98.75 | X7: =W7/$W$86 -> 0.0093268164 | Y7: =_xlfn.RANK.EQ(W7, $W$2:$W$85) -> 60
A8: ='CR-TR_Interactions'!A8 -> TR7 | B8: ='CR-TR_Interactions'!B8*Metrics_Voting!$C$3 -> 0 | C8: ='CR-TR_Interactions'!C8*Metrics_Voting!$C$4 -> 29.25 | D8: ='CR-TR_Interactions'!D8*Metrics_Voting!$C$5 -> 0 | E8: ='CR-TR_Interactions'!E8*Metrics_Voting!$C$7 -> 11.25 | F8: ='CR-TR_Interactions'!F8*Metrics_Voting!$C$8 -> 3 | G8: ='CR-TR_Interactions'!G8*Metrics_Voting!$C$9 -> 3.25 | H8: ='CR-TR_Interactions'!H8*Metrics_Voting!$C$11 -> 0 | I8: ='CR-TR_Interactions'!I8*Metrics_Voting!$C$12 -> 0 | J8: ='CR-TR_Interactions'!J8*Metrics_Voting!$C$13 -> 0 | K8: ='CR-TR_Interactions'!K8*Metrics_Voting!$C$15 -> 0 | L8: ='CR-TR_Interactions'!L8*Metrics_Voting!$C$16 -> 0 | M8: ='CR-TR_Interactions'!M8*Metrics_Voting!$C$17 -> 0 | N8: ='CR-TR_Interactions'!N8*Metrics_Voting!$C$19 -> 9.75 | O8: ='CR-TR_Interactions'!O8*Metrics_Voting!$C$20 -> 2.75 | P8: ='CR-TR_Interactions'!P8*Metrics_Voting!$C$21 -> 0 | Q8: ='CR-TR_Interactions'!Q8*Metrics_Voting!$C$23 -> 11.25 | R8: ='CR-TR_Interactions'!R8*Metrics_Voting!$C$24 -> 11.25 | S8: ='CR-TR_Interactions'!S8*Metrics_Voting!$C$25 -> 2.75 | T8: ='CR-TR_Interactions'!T8*Metrics_Voting!$C$27 -> 0 | U8: ='CR-TR_Interactions'!U8*Metrics_Voting!$C$28 -> 2.75 | V8: ='CR-TR_Interactions'!V8*Metrics_Voting!$C$29 -> 0 | W8: =SUM(B8:V8) -> 87.25 | X8: =W8/$W$86 -> 0.0082406555 | Y8: =_xlfn.RANK.EQ(W8, $W$2:$W$85) -> 62
A9: ='CR-TR_Interactions'!A9 -> TR8 | B9: ='CR-TR_Interactions'!B9*Metrics_Voting!$C$3 -> 12 | C9: ='CR-TR_Interactions'!C9*Metrics_Voting!$C$4 -> 9.75 | D9: ='CR-TR_Interactions'!D9*Metrics_Voting!$C$5 -> 12 | E9: ='CR-TR_Interactions'!E9*Metrics_Voting!$C$7 -> 11.25 | F9: ='CR-TR_Interactions'!F9*Metrics_Voting!$C$8 -> 3 | G9: ='CR-TR_Interactions'!G9*Metrics_Voting!$C$9 -> 9.75 | H9: ='CR-TR_Interactions'!H9*Metrics_Voting!$C$11 -> 10.5 | I9: ='CR-TR_Interactions'!I9*Metrics_Voting!$C$12 -> 0 | J9: ='CR-TR_Interactions'!J9*Metrics_Voting!$C$13 -> 0 | K9: ='CR-TR_Interactions'!K9*Metrics_Voting!$C$15 -> 11.25 | L9: ='CR-TR_Interactions'!L9*Metrics_Voting!$C$16 -> 9.75 | M9: ='CR-TR_Interactions'!M9*Metrics_Voting!$C$17 -> 3.25 | N9: ='CR-TR_Interactions'!N9*Metrics_Voting!$C$19 -> 9.75 | O9: ='CR-TR_Interactions'!O9*Metrics_Voting!$C$20 -> 2.75 | P9: ='CR-TR_Interactions'!P9*Metrics_Voting!$C$21 -> 0 | Q9: ='CR-TR_Interactions'!Q9*Metrics_Voting!$C$23 -> 11.25 | R9: ='CR-TR_Interactions'!R9*Metrics_Voting!$C$24 -> 33.75 | S9: ='CR-TR_Interactions'!S9*Metrics_Voting!$C$25 -> 24.75 | T9: ='CR-TR_Interactions'!T9*Metrics_Voting!$C$27 -> 0 | U9: ='CR-TR_Interactions'!U9*Metrics_Voting!$C$28 -> 8.25 | V9: ='CR-TR_Interactions'!V9*Metrics_Voting!$C$29 -> 11.25 | W9: =SUM(B9:V9) -> 194.25 | X9: =W9/$W$86 -> 0.018346674 | Y9: =_xlfn.RANK.EQ(W9, $W$2:$W$85) -> 5
A10: ='CR-TR_Interactions'!A10 -> TR9 | B10: ='CR-TR_Interactions'!B10*Metrics_Voting!$C$3 -> 4 | C10: ='CR-TR_Interactions'!C10*Metrics_Voting!$C$4 -> 0 | D10: ='CR-TR_Interactions'!D10*Metrics_Voting!$C$5 -> 36 | E10: ='CR-TR_Interactions'!E10*Metrics_Voting!$C$7 -> 0 | F10: ='CR-TR_Interactions'!F10*Metrics_Voting!$C$8 -> 0 | G10: ='CR-TR_Interactions'!G10*Metrics_Voting!$C$9 -> 0 | H10: ='CR-TR_Interactions'!H10*Metrics_Voting!$C$11 -> 31.5 | I10: ='CR-TR_Interactions'!I10*Metrics_Voting!$C$12 -> 13.5 | J10: ='CR-TR_Interactions'!J10*Metrics_Voting!$C$13 -> 2 | K10: ='CR-TR_Interactions'!K10*Metrics_Voting!$C$15 -> 0 | L10: ='CR-TR_Interactions'!L10*Metrics_Voting!$C$16 -> 0 | M10: ='CR-TR_Interactions'!M10*Metrics_Voting!$C$17 -> 3.25 | N10: ='CR-TR_Interactions'!N10*Metrics_Voting!$C$19 -> 3.25 | O10: ='CR-TR_Interactions'!O10*Metrics_Voting!$C$20 -> 0 | P10: ='CR-TR_Interactions'!P10*Metrics_Voting!$C$21 -> 0 | Q10: ='CR-TR_Interactions'!Q10*Metrics_Voting!$C$23 -> 3.75 | R10: ='CR-TR_Interactions'!R10*Metrics_Voting!$C$24 -> 3.75 | S10: ='CR-TR_Interactions'!S10*Metrics_Voting!$C$25 -> 2.75 | T10: ='CR-TR_Interactions'!T10*Metrics_Voting!$C$27 -> 0 | U10: ='CR-TR_Interactions'!U10*Metrics_Voting!$C$28 -> 8.25 | V10: ='CR-TR_Interactions'!V10*Metrics_Voting!$C$29 -> 3.75 | W10: =SUM(B10:V10) -> 115.75 | X10: =W10/$W$86 -> 0.010932446 | Y10: =_xlfn.RANK.EQ(W10, $W$2:$W$85) -> 50
A11: ='CR-TR_Interactions'!A11 -> TR10 | B11: ='CR-TR_Interactions'!B11*Metrics_Voting!$C$3 -> 4 | C11: ='CR-TR_Interactions'!C11*Metrics_Voting!$C$4 -> 0 | D11: ='CR-TR_Interactions'!D11*Metrics_Voting!$C$5 -> 36 | E11: ='CR-TR_Interactions'!E11*Metrics_Voting!$C$7 -> 0 | F11: ='CR-TR_Interactions'!F11*Metrics_Voting!$C$8 -> 3 | G11: ='CR-TR_Interactions'!G11*Metrics_Voting!$C$9 -> 9.75 | H11: ='CR-TR_Interactions'!H11*Metrics_Voting!$C$11 -> 31.5 | I11: ='CR-TR_Interactions'!I11*Metrics_Voting!$C$12 -> 4.5 | J11: ='CR-TR_Interactions'!J11*Metrics_Voting!$C$13 -> 6 | K11: ='CR-TR_Interactions'!K11*Metrics_Voting!$C$15 -> 11.25 | L11: ='CR-TR_Interactions'!L11*Metrics_Voting!$C$16 -> 0 | M11: ='CR-TR_Interactions'!M11*Metrics_Voting!$C$17 -> 3.25 | N11: ='CR-TR_Interactions'!N11*Metrics_Voting!$C$19 -> 9.75 | O11: ='CR-TR_Interactions'!O11*Metrics_Voting!$C$20 -> 0 | P11: ='CR-TR_Interactions'!P11*Metrics_Voting!$C$21 -> 0 | Q11: ='CR-TR_Interactions'!Q11*Metrics_Voting!$C$23 -> 11.25 | R11: ='CR-TR_Interactions'!R11*Metrics_Voting!$C$24 -> 11.25 | S11: ='CR-TR_Interactions'!S11*Metrics_Voting!$C$25 -> 8.25 | T11: ='CR-TR_Interactions'!T11*Metrics_Voting!$C$27 -> 0 | U11: ='CR-TR_Interactions'!U11*Metrics_Voting!$C$28 -> 8.25 | V11: ='CR-TR_Interactions'!V11*Metrics_Voting!$C$29 -> 0 | W11: =SUM(B11:V11) -> 158 | X11: =W11/$W$86 -> 0.014922906 | Y11: =_xlfn.RANK.EQ(W11, $W$2:$W$85) -> 21
A12: ='CR-TR_Interactions'!A12 -> TR11 | B12: ='CR-TR_Interactions'!B12*Metrics_Voting!$C$3 -> 12 | C12: ='CR-TR_Interactions'!C12*Metrics_Voting!$C$4 -> 0 | D12: ='CR-TR_Interactions'!D12*Metrics_Voting!$C$5 -> 36 | E12: ='CR-TR_Interactions'!E12*Metrics_Voting!$C$7 -> 0 | F12: ='CR-TR_Interactions'!F12*Metrics_Voting!$C$8 -> 3 | G12: ='CR-TR_Interactions'!G12*Metrics_Voting!$C$9 -> 9.75 | H12: ='CR-TR_Interactions'!H12*Metrics_Voting!$C$11 -> 10.5 | I12: ='CR-TR_Interactions'!I12*Metrics_Voting!$C$12 -> 4.5 | J12: ='CR-TR_Interactions'!J12*Metrics_Voting!$C$13 -> 6 | K12: ='CR-TR_Interactions'!K12*Metrics_Voting!$C$15 -> 11.25 | L12: ='CR-TR_Interactions'!L12*Metrics_Voting!$C$16 -> 0 | M12: ='CR-TR_Interactions'!M12*Metrics_Voting!$C$17 -> 0 | N12: ='CR-TR_Interactions'!N12*Metrics_Voting!$C$19 -> 9.75 | O12: ='CR-TR_Interactions'!O12*Metrics_Voting!$C$20 -> 0 | P12: ='CR-TR_Interactions'!P12*Metrics_Voting!$C$21 -> 0 | Q12: ='CR-TR_Interactions'!Q12*Metrics_Voting!$C$23 -> 11.25 | R12: ='CR-TR_Interactions'!R12*Metrics_Voting!$C$24 -> 11.25 | S12: ='CR-TR_Interactions'!S12*Metrics_Voting!$C$25 -> 8.25 | T12: ='CR-TR_Interactions'!T12*Metrics_Voting!$C$27 -> 0 | U12: ='CR-TR_Interactions'!U12*Metrics_Voting!$C$28 -> 8.25 | V12: ='CR-TR_Interactions'!V12*Metrics_Voting!$C$29 -> 0 | W12: =SUM(B12:V12) -> 141.75 | X12: =W12/$W$86 -> 0.013388114 | Y12: =_xlfn.RANK.EQ(W12, $W$2:$W$85) -> 28
A13: ='CR-TR_Interactions'!A13 -> TR12 | B13: ='CR-TR_Interactions'!B13*Metrics_Voting!$C$3 -> 4 | C13: ='CR-TR_Interactions'!C13*Metrics_Voting!$C$4 -> 0 | D13: ='CR-TR_Interactions'!D13*Metrics_Voting!$C$5 -> 36 | E13: ='CR-TR_Interactions'!E13*Metrics_Voting!$C$7 -> 0 | F13: ='CR-TR_Interactions'!F13*Metrics_Voting!$C$8 -> 0 | G13: ='CR-TR_Interactions'!G13*Metrics_Voting!$C$9 -> 0 | H13: ='CR-TR_Interactions'!H13*Metrics_Voting!$C$11 -> 31.5 | I13: ='CR-TR_Interactions'!I13*Metrics_Voting!$C$12 -> 1.5 | J13: ='CR-TR_Interactions'!J13*Metrics_Voting!$C$13 -> 2 | K13: ='CR-TR_Interactions'!K13*Metrics_Voting!$C$15 -> 0 | L13: ='CR-TR_Interactions'!L13*Metrics_Voting!$C$16 -> 0 | M13: ='CR-TR_Interactions'!M13*Metrics_Voting!$C$17 -> 3.25 | N13: ='CR-TR_Interactions'!N13*Metrics_Voting!$C$19 -> 3.25 | O13: ='CR-TR_Interactions'!O13*Metrics_Voting!$C$20 -> 0 | P13: ='CR-TR_Interactions'!P13*Metrics_Voting!$C$21 -> 0 | Q13: ='CR-TR_Interactions'!Q13*Metrics_Voting!$C$23 -> 3.75 | R13: ='CR-TR_Interactions'!R13*Metrics_Voting!$C$24 -> 3.75 | S13: ='CR-TR_Interactions'!S13*Metrics_Voting!$C$25 -> 2.75 | T13: ='CR-TR_Interactions'!T13*Metrics_Voting!$C$27 -> 0 | U13: ='CR-TR_Interactions'!U13*Metrics_Voting!$C$28 -> 2.75 | V13: ='CR-TR_Interactions'!V13*Metrics_Voting!$C$29 -> 0 | W13: =SUM(B13:V13) -> 94.5 | X13: =W13/$W$86 -> 0.0089254091 | Y13: =_xlfn.RANK.EQ(W13, $W$2:$W$85) -> 61
... A85: ='CR-TR_Interactions'!A85 -> TR84 | B85: ='CR-TR_Interactions'!B85*Metrics_Voting!$C$3 -> 4 | C85: ='CR-TR_Interactions'!C85*Metrics_Voting!$C$4 -> 9.75 | D85: ='CR-TR_Interactions'!D85*Metrics_Voting!$C$5 -> 0 | E85: ='CR-TR_Interactions'!E85*Metrics_Voting!$C$7 -> 0 | F85: ='CR-TR_Interactions'!F85*Metrics_Voting!$C$8 -> 3 | G85: ='CR-TR_Interactions'!G85*Metrics_Voting!$C$9 -> 9.75 | H85: ='CR-TR_Interactions'!H85*Metrics_Voting!$C$11 -> 0 | I85: ='CR-TR_Interactions'!I85*Metrics_Voting!$C$12 -> 0 | J85: ='CR-TR_Interactions'!J85*Metrics_Voting!$C$13 -> 0 | K85: ='CR-TR_Interactions'!K85*Metrics_Voting!$C$15 -> 0 | L85: ='CR-TR_Interactions'!L85*Metrics_Voting!$C$16 -> 3.25 | M85: ='CR-TR_Interactions'!M85*Metrics_Voting!$C$17 -> 0 | N85: ='CR-TR_Interactions'!N85*Metrics_Voting!$C$19 -> 9.75 | O85: ='CR-TR_Interactions'!O85*Metrics_Voting!$C$20 -> 2.75 | P85: ='CR-TR_Interactions'!P85*Metrics_Voting!$C$21 -> 0 | Q85: ='CR-TR_Interactions'!Q85*Metrics_Voting!$C$23 -> 11.25 | R85: ='CR-TR_Interactions'!R85*Metrics_Voting!$C$24 -> 11.25 | S85: ='CR-TR_Interactions'!S85*Metrics_Voting!$C$25 -> 2.75 | T85: ='CR-TR_Interactions'!T85*Metrics_Voting!$C$27 -> 9 | U85: ='CR-TR_Interactions'!U85*Metrics_Voting!$C$28 -> 24.75 | V85: ='CR-TR_Interactions'!V85*Metrics_Voting!$C$29 -> 33.75 | W85: =SUM(B85:V85) -> 135 | X85: =W85/$W$86 -> 0.012750584 | Y85: =_xlfn.RANK.EQ(W85, $W$2:$W$85) -> 35
A86: Total | B86: =SUM(B2:B80) -> 460 | C86: =SUM(C2:C85) -> 396.5 | D86: =SUM(D2:D85) -> 336 | E86: =SUM(E2:E85) -> 528.75 | F86: =SUM(F2:F85) -> 585 | G86: =SUM(G2:G85) -> 741 | H86: =SUM(H2:H85) -> 563.5 | I86: =SUM(I2:I85) -> 153 | J86: =SUM(J2:J85) -> 168 | ... W86: =SUM(W2:W85) -> 10587.75 | X86: =W86/$W$86 -> 1

Sheet Technical_Targets
A1: ID | B1: Technical Requirement | C1: Importance | D1: Target Value | E1: Goal | F1: Units | G1: Reference | H1: Member
A2: ='CR-TR_Interactions'!A2 -> TR1 | B2: =Table2[[#This Row],[Requirement]] -> Time to transfer 2 gallons | C2: ='CR-TR_Importance'!W2 -> 139.75 | D2: 5 | E2: Decrease | F2: =Table2[[#This Row],[Units]] -> seconds | G2: "Pump Handbook" by Igor J. Karassik et al. | H2: JVAUGHT
A3: ='CR-TR_Interactions'!A3 -> TR2 | B3: =Table2[[#This Row],[Requirement]] -> Average flow rate during transfer | C3: ='CR-TR_Importance'!W3 -> 177.75 | D3: 4 | E3: Increase | F3: =Table2[[#This Row],[Units]] -> GPM | G3: "Fluid Mechanics" by Frank M. White | H3: JVAUGHT
A4: ='CR-TR_Interactions'!A4 -> TR3 | B4: =Table2[[#This Row],[Requirement]] -> Energy consumption per 2 gallons transferred | C4: ='CR-TR_Importance'!W4 -> 138.75 | D4: ≤0.05 | E4: Decrease | F4: =Table2[[#This Row],[Units]] -> kWH | G4: "Energy Efficiency in Motor Driven Systems" by Francesco Parasiliti and Paolo Bertoldi. | H4: JVAUGHT
A5: ='CR-TR_Interactions'!A5 -> TR4 | B5: =Table2[[#This Row],[Requirement]] -> Maximum throughput capacity of the system | C5: ='CR-TR_Importance'!W5 -> 161.25 | D5: 240 | E5: Increase | F5: =Table2[[#This Row],[Units]] -> GPH | G5: "Pumping Station Design" by Garr M. Jones et al. | H5: JVAUGHT
A6: ='CR-TR_Interactions'!A6 -> TR5 | B6: =Table2[[#This Row],[Requirement]] -> Distribution Uniformity (DU) coefficient | C6: ='CR-TR_Importance'!W6 -> 104.25 | D6: ≥85 | E6: Increase | F6: =Table2[[#This Row],[Units]] -> Percentage | G6: "Irrigation Engineering: Principles and Practice" by R.K. Sharma and T.K. Sharma | H6: JVAUGHT
A7: ='CR-TR_Interactions'!A7 -> TR6 | B7: =Table2[[#This Row],[Requirement]] -> Variance in water application rates between zones | C7: ='CR-TR_Importance'!W7 -> 98.75 | D7: ≤5 | E7: Decrease | F7: =Table2[[#This Row],[Units]] -> GPM | G7: "Irrigation Engineering" by Richard H. Cuenca. | H7: JVAUGHT
A8: ='CR-TR_Interactions'!A8 -> TR7 | B8: =Table2[[#This Row],[Requirement]] -> Number of dry or overwatered spots detected | C8: ='CR-TR_Importance'!W8 -> 87.25 | D8: 0 | E8: Decrease | F8: =Table2[[#This Row],[Units]] -> Count | G8: "Precision Agriculture Technology for Crop Farming" by Qin Zhang | H8: JVAUGHT
A9: ='CR-TR_Interactions'!A9 -> TR8 | B9: =Table2[[#This Row],[Requirement]] -> System reliability (uptime percentage) | C9: ='CR-TR_Importance'!W9 -> 194.25 | D9: ≥99.9 | E9: Increase | F9: =Table2[[#This Row],[Units]] -> Percentage | G9: "Reliability Engineering" by Elsayed A. Elsayed | H9: JVAUGHT
A10: ='CR-TR_Interactions'!A10 -> TR9 | B10: =Table2[[#This Row],[Requirement]] -> Physical force required to operate controls | C10: ='CR-TR_Importance'!W10 -> 115.75 | D10: ≤5 | E10: Decrease | F10: =Table2[[#This Row],[Units]] -> lbf | G10: "Ergonomics: How to Design for Ease and Efficiency" by K.H.E. Kroemer and H.B. Kroemer | H10: WWENZEL
A11: ='CR-TR_Interactions'!A11 -> TR10 | B11: =Table2[[#This Row],[Requirement]] -> Number of manual operations per watering cycle | C11: ='CR-TR_Importance'!W11 -> 158 | D11: 1 or 0 | E11: Decrease | F11: =Table2[[#This Row],[Units]] -> Count | G11: "Automation in Agriculture: Securing Food Supplies for Future Generations" edited by Stephan Hussmann. | H11: JVAUGHT
A12: ='CR-TR_Interactions'!A12 -> TR11 | B12: =Table2[[#This Row],[Requirement]] -> Total operator time per watering session | C12: ='CR-TR_Importance'!W12 -> 141.75 | D12: ≤10 | E12: Decrease | F12: =Table2[[#This Row],[Units]] -> Minutes | G12: "Time Management for System Administrators" by Tom Limoncelli. | H12: PRESSTON
A13: ='CR-TR_Interactions'!A13 -> TR12 | B13: =Table2[[#This Row],[Requirement]] -> Operator perceived exertion rating | C13: ='CR-TR_Importance'!W13 -> 94.5 | D13: ≤9 | E13: Decrease | F13: =Table2[[#This Row],[Units]] -> Borg RPE scale (6-20) | G13: "Physical Activity and Health" by Adrianne E. Hardman and David J. Stensel | H13: WWENZEL
A14: ='CR-TR_Interactions'!A14 -> TR13 | B14: =Table2[[#This Row],[Requirement]] -> Operating pressure at system output | C14: ='CR-TR_Importance'!W14 -> 221 | D14: 40 | E14: Increase | F14: =Table2[[#This Row],[Units]] -> psi | G14: "Hydraulics of Pipeline Systems" by Bruce E. Larock et al. | H14: JVAUGHT
A15: ='CR-TR_Interactions'!A15 -> TR14 | B15: =Table2[[#This Row],[Requirement]] -> Pressure loss from tank to farthest point | C15: ='CR-TR_Importance'!W15 -> 192 | D15: ≤5 | E15: Decrease | F15: =Table2[[#This Row],[Units]] -> psi | G15: "Pipe Flow: A Practical and Comprehensive Guide" by Donald C. Rennels and Hobart M. Hudson. | H15: JVAUGHT
A16: ='CR-TR_Interactions'!A16 -> TR15 | B16: =Table2[[#This Row],[Requirement]] -> Minimum pressure required for optimal operation | C16: ='CR-TR_Importance'!W16 -> 180.25 | D16: 30 | E16: Value | F16: =Table2[[#This Row],[Units]] -> psi | G16: "Irrigation: Theory and Practice" by A.M. Michael | H16: JVAUGHT
A17: ='CR-TR_Interactions'!A17 -> TR16 | B17: =Table2[[#This Row],[Requirement]] -> Pressure fluctuation during operation | C17: ='CR-TR_Importance'!W17 -> 184 | D17: ≤2 | E17: Decrease | F17: =Table2[[#This Row],[Units]] -> psi variance | G17: "Fluid Transients in Pipeline Systems" by A.R.D. Thorley | H17: JVAUGHT
A18: ='CR-TR_Interactions'!A18 -> TR17 | B18: =Table2[[#This Row],[Requirement]] -> Flow rate achievable for drip irrigation | C18: ='CR-TR_Importance'!W18 -> 132.75 | D18: 0.5 | E18: Increase | F18: =Table2[[#This Row],[Units]] -> GPH | G18: "Microirrigation for Crop Production" by Megh R. Goyal | H18: JVAUGHT
A19: ='CR-TR_Interactions'!A19 -> TR18 | B19: =Table2[[#This Row],[Requirement]] -> Flow rate achievable for sprinkler systems | C19: ='CR-TR_Importance'!W19 -> 126.75 | D19: 2.5 | E19: Increase | F19: =Table2[[#This Row],[Units]] -> gpm | G19: "Sprinkler Irrigation" by Melvyn Kay | H19: JVAUGHT
A20: ='CR-TR_Interactions'!A20 -> TR19 | B20: =Table2[[#This Row],[Requirement]] -> Adjustability range of flow rates | C20: ='CR-TR_Importance'!W20 -> 162 | D20: 0.5 - 5 | E20: Increase | F20: =Table2[[#This Row],[Units]] -> min to max gpm | G20: "Flow Measurement Handbook" by R.C. Baker | H20: JVAUGHT
A21: ='CR-TR_Interactions'!A21 -> TR20 | B21: =Table2[[#This Row],[Requirement]] -> Flow rate consistency over time | C21: ='CR-TR_Importance'!W21 -> 173 | D21: ≤1 | E21: Decrease | F21: =Table2[[#This Row],[Units]] -> Standard deviation in gpm | G21: "Statistical Methods in Water Resources" by D.R. Helsel and R.M. Hirsch | H21: JVAUGHT
A22: ='CR-TR_Interactions'!A22 -> TR21 | B22: =Table2[[#This Row],[Requirement]] -> System efficiency at full tank level | C22: ='CR-TR_Importance'!W22 -> 127.25 | D22: ≥90 | E22: Increase | F22: =Table2[[#This Row],[Units]] -> % efficiency | G22: "Water Efficiency in Buildings" by Kemi Adeyeye | H22: JVAUGHT
A23: ='CR-TR_Interactions'!A23 -> TR22 | B23: =Table2[[#This Row],[Requirement]] -> System efficiency at half tank level | C23: ='CR-TR_Importance'!W23 -> 127.25 | D23: ≥85 | E23: Increase | F23: =Table2[[#This Row],[Units]] -> % Efficiency | G23: "Statistical Methods in Water Resources" by D.R. Helsel and R.M. Hirsch | H23: JVAUGHT
A24: ='CR-TR_Interactions'!A24 -> TR23 | B24: =Table2[[#This Row],[Requirement]] -> Minimum operational water level required | C24: ='CR-TR_Importance'!W24 -> 99.75 | D24: 10 | E24: Decrease | F24: =Table2[[#This Row],[Units]] -> gallons | G24: "Water Storage: Tanks, Cisterns, Aquifers, and Ponds" by Art Ludwig | H24: JVAUGHT
A25: ='CR-TR_Interactions'!A25 -> TR24 | B25: =Table2[[#This Row],[Requirement]] -> Variation in flow rate across different tank levels | C25: ='CR-TR_Importance'!W25 -> 160 | D25: ≤5 | E25: Decrease | F25: =Table2[[#This Row],[Units]] -> Percentage variation | G25: "Handbook of Hydraulics" by Ernest F. Brater et al. | H25: JVAUGHT
A26: ='CR-TR_Interactions'!A26 -> TR25 | B26: =Table2[[#This Row],[Requirement]] -> Required training time for new users | C26: ='CR-TR_Importance'!W26 -> 101 | D26: ≤2 | E26: Decrease | F26: =Table2[[#This Row],[Units]] -> hours | G26: "User Interface Design and Evaluation" by Debbie Stone et al. | H26: WWENZEL
A27: ='CR-TR_Interactions'!A27 -> TR26 | B27: =Table2[[#This Row],[Requirement]] -> User error rate during operation | C27: ='CR-TR_Importance'!W27 -> 176.5 | D27: <1 | E27: Decrease | F27: =Table2[[#This Row],[Units]] -> error/100 ops | G27: "Designing for Human Reliability" by Ronald W. McLeod | H27: WWENZEL
A28: ='CR-TR_Interactions'!A28 -> TR27 | B28: =Table2[[#This Row],[Requirement]] -> User satisfaction rating on ease of use | C28: ='CR-TR_Importance'!W28 -> 86.25 | D28: ≥4.5 | E28: Increase | F28: =Table2[[#This Row],[Units]] -> likert scale | G28: "Measuring User Experience" by Bill Albert and Tom Tullis | H28: WWENZEL
A29: ='CR-TR_Interactions'!A29 -> TR28 | B29: =Table2[[#This Row],[Requirement]] -> Number of steps to complete basic operation | C29: ='CR-TR_Importance'!W29 -> 131.5 | D29: ≤3 | E29: Decrease | F29: =Table2[[#This Row],[Units]] -> Count | G29: "The Design of Everyday Things" by Don Norman | H29: WWENZEL
A30: ='CR-TR_Interactions'!A30 -> TR29 | B30: =Table2[[#This Row],[Requirement]] -> Number of control interfaces | C30: ='CR-TR_Importance'!W30 -> 63.5 | D30: ≤2 | E30: Decrease | F30: =Table2[[#This Row],[Units]] -> count | G30: "Human-Computer Interaction" by Alan Dix et al. | H30: WWENZEL
A31: ='CR-TR_Interactions'!A31 -> TR30 | B31: =Table2[[#This Row],[Requirement]] -> Average time to start or stop the system | C31: ='CR-TR_Importance'!W31 -> 86.25 | D31: ≤30 | E31: Decrease | F31: =Table2[[#This Row],[Units]] -> seconds | G31: "Time-Critical Systems Design" by Gerhard F. Knolmayer et al. | H31: JVAUGHT
A32: ='CR-TR_Interactions'!A32 -> TR31 | B32: =Table2[[#This Row],[Requirement]] -> Clarity of control labeling | C32: ='CR-TR_Importance'!W32 -> 146.75 | D32: ≥4.5 | E32: Increase | F32: =Table2[[#This Row],[Units]] -> likert scale | G32: "Labels and Packaging Design: The Inspirational Resource for Graphics and Designers" by Grip. | H32: WWENZEL
A33: ='CR-TR_Interactions'!A33 -> TR32 | B33: =Table2[[#This Row],[Requirement]] -> Accessibility compliance (e.g., ADA standards) | C33: ='CR-TR_Importance'!W33 -> 66.5 | D33: Yes | E33: Increase | F33: =Table2[[#This Row],[Units]] -> Yes/No | G33: "Accessible Public Spaces: Designing for Inclusion" by Michael J. Bednar | H33: WWENZEL
A34: ='CR-TR_Interactions'!A34 -> TR33 | B34: =Table2[[#This Row],[Requirement]] -> Length of instruction manual | C34: ='CR-TR_Importance'!W34 -> 54.75 | D34: ≤10 | E34: Decrease | F34: =Table2[[#This Row],[Units]] -> pages | G34: "Technical Writing: Process and Product" by Sharon J. Gerson and Steven M. Gerson | H34: TBHARMON
A35: ='CR-TR_Interactions'!A35 -> TR34 | B35: =Table2[[#This Row],[Requirement]] -> Reading level required to understand instructions | C35: ='CR-TR_Importance'!W35 -> 80 | D35: 8th Grade | E35: Value | F35: =Table2[[#This Row],[Units]] -> grade level | G35: "Developing Quality Technical Information: A Handbook for Writers and Editors" by Gretchen Hargis et al. | H35: TBHARMON
A36: ='CR-TR_Interactions'!A36 -> TR35 | B36: =Table2[[#This Row],[Requirement]] -> Number of operational steps for basic use | C36: ='CR-TR_Importance'!W36 -> 131.5 | D36: ≤3 | E36: Decrease | F36: =Table2[[#This Row],[Units]] -> count | G36: "Measuring User Experience" by Bill Albert and Tom Tullis | H36: WWENZEL
... A58: ='CR-TR_Interactions'!A58 -> TR57 | B58: =Table2[[#This Row],[Requirement]] -> Operating noise level at 1-meter distance | C58: ='CR-TR_Importance'!W58 -> 66.5 | D58: ≤60 | E58: Decrease | F58: =Table2[[#This Row],[Units]] -> Decibels | G58: "Noise Control: Measurement, Analysis, and Control" by Charles E. Wilson | H58: JVAUGHT
A59: ='CR-TR_Interactions'!A59 -> TR58 | B59: =Table2[[#This Row],[Requirement]] -> Noise level compared to acceptable standards | C59: ='CR-TR_Importance'!W59 -> 66.5 | D59: 0 | E59: Value | F59: =Table2[[#This Row],[Units]] -> Decibels Difference | G59: "Fundamentals of Noise and Vibration Analysis for Engineers" by M.P. Norton and D.G. Karczub | H59: JVAUGHT
A60: ='CR-TR_Interactions'!A60 -> TR59 | B60: =Table2[[#This Row],[Requirement]] -> User annoyance rating due to noise | C60: ='CR-TR_Importance'!W60 -> 61 | D60: ≤2 | E60: Decrease | F60: =Table2[[#This Row],[Units]] -> Likert scale | G60: "Environmental Noise Pollution" by Enda Murphy and Eoin A. King | H60: JVAUGHT
A61: ='CR-TR_Interactions'!A61 -> TR60 | B61: =Table2[[#This Row],[Requirement]] -> Time during which noise exceeds thresholds | C61: ='CR-TR_Importance'!W61 -> 66.5 | D61: 0 | E61: Decrease | F61: =Table2[[#This Row],[Units]] -> Min per day | G61: "Noise Control: Measurement, Analysis, and Control" by Charles E. Wilson | H61: JVAUGHT
A62: ='CR-TR_Interactions'!A62 -> TR61 | B62: =Table2[[#This Row],[Requirement]] -> Total initial cost | C62: ='CR-TR_Importance'!W62 -> 67 | D62: ≤$10,000 | E62: Decrease | F62: =Table2[[#This Row],[Units]] -> Dollars | G62: "Project Management for Construction" by Chris Hendrickson | H62: PRESSTON
A63: ='CR-TR_Interactions'!A63 -> TR62 | B63: =Table2[[#This Row],[Requirement]] -> Percentage of budget utilized | C63: ='CR-TR_Importance'!W63 -> 67 | D63: ≤100 | E63: Decrease | F63: =Table2[[#This Row],[Units]] -> Percentage | G63: "Cost Management: Measuring, Monitoring, and Motivating Performance" by Leslie G. Eldenburg | H63: PRESSTON
A64: ='CR-TR_Interactions'!A64 -> TR63 | B64: =Table2[[#This Row],[Requirement]] -> Cost savings compared to alternative solutions | C64: ='CR-TR_Importance'!W64 -> 100.75 | D64: ≥15 | E64: Increase | F64: =Table2[[#This Row],[Units]] -> Dollars | G64: "Value Engineering: Practical Applications" by Donald E. Parker | H64: PRESSTON
A65: ='CR-TR_Interactions'!A65 -> TR64 | B65: =Table2[[#This Row],[Requirement]] -> Return on investment period | C65: ='CR-TR_Importance'!W65 -> 78.25 | D65: ≤5 | E65: Increase | F65: =Table2[[#This Row],[Units]] -> Years | G65: "Investment Appraisal: Methods and Models" by Uwe Götze et al. | H65: PRESSTON
A66: ='CR-TR_Interactions'!A66 -> TR65 | B66: =Table2[[#This Row],[Requirement]] -> Annual operational cost | C66: ='CR-TR_Importance'!W66 -> 120.25 | D66: ≤$1,000 | E66: Decrease | F66: =Table2[[#This Row],[Units]] -> Dollars/year | G66: "Operations Management" by William J. Stevenson | H66: PRESSTON
A67: ='CR-TR_Interactions'!A67 -> TR66 | B67: =Table2[[#This Row],[Requirement]] -> Annual maintenance cost | C67: ='CR-TR_Importance'!W67 -> 157.25 | D67: ≤$500 | E67: Decrease | F67: =Table2[[#This Row],[Units]] -> Dollars/yr | G67: "Maintenance Planning and Scheduling Handbook" by Richard (Doc) Palmer. | H67: TBHARMON
A68: ='CR-TR_Interactions'!A68 -> TR67 | B68: =Table2[[#This Row],[Requirement]] -> Total cost of ownership over expected lifespan | C68: ='CR-TR_Importance'!W68 -> 121.75 | D68: ≤$20,000 | E68: Decrease | F68: =Table2[[#This Row],[Units]] -> Dollars | G68: "Life Cycle Costing for Engineers" by B.S. Dhillon | H68: PRESSTON
A69: ='CR-TR_Interactions'!A69 -> TR68 | B69: =Table2[[#This Row],[Requirement]] -> Cost per gallon of water delivered | C69: ='CR-TR_Importance'!W69 -> 131.75 | D69: ≤$0.05 | E69: Decrease | F69: =Table2[[#This Row],[Units]] -> Dollars per gallon | G69: "Water Economics" by Stephen Merrett | H69: PRESSTON
A70: ='CR-TR_Interactions'!A70 -> TR69 | B70: =Table2[[#This Row],[Requirement]] -> Cost per year over lifespan | C70: ='CR-TR_Importance'!W70 -> 110.5 | D70: ≤$1,500 | E70: Decrease | F70: =Table2[[#This Row],[Units]] -> Dollars/year | G70: "Maintenance Planning and Scheduling Handbook" by Richard (Doc) Palmer. | H70: TBHARMON
A71: ='CR-TR_Interactions'!A71 -> TR70 | B71: =Table2[[#This Row],[Requirement]] -> Efficiency rating of system components | C71: ='CR-TR_Importance'!W71 -> 171.75 | D71: ≥90 | E71: Increase | F71: =Table2[[#This Row],[Units]] -> Percentage | G71: "Engineering Design Reliability Handbook" by Efstratios Nikolaidis et al. | H71: JVAUGHT
A72: ='CR-TR_Interactions'!A72 -> TR71 | B72: =Table2[[#This Row],[Requirement]] -> Maintenance cost savings due to durability | C72: ='CR-TR_Importance'!W72 -> 146 | D72: ≥20 | E72: Decrease | F72: =Table2[[#This Row],[Units]] -> Dollars/yr | G72: "Total Productive Maintenance" by Terry Wireman | H72: TBHARMON
A73: ='CR-TR_Interactions'!A73 -> TR72 | B73: =Table2[[#This Row],[Requirement]] -> User satisfaction rating on value | C73: ='CR-TR_Importance'!W73 -> 48 | D73: ≥4.5 | E73: Increase | F73: =Table2[[#This Row],[Units]] -> Likert scale | G73: "Customer Satisfaction Evaluation" by Evangelos Grigoroudis and Yannis Siskos | H73: WWENZEL
... A75: ='CR-TR_Interactions'!A75 -> TR74 | B75: =Table2[[#This Row],[Requirement]] -> Compliance certification status | C75: ='CR-TR_Importance'!W75 -> 141.75 | D75: Certified | E75: Value | F75: =Table2[[#This Row],[Units]] -> Yes/No | G75: "Compliance Management" by Nitish Singh and Thomas J. Bussen | H75: PRESSTON
A76: ='CR-TR_Interactions'!A76 -> TR75 | B76: =Table2[[#This Row],[Requirement]] -> Number of non-compliance issues identified | C76: ='CR-TR_Importance'!W76 -> 140.75 | D76: 0 | E76: Decrease | F76: =Table2[[#This Row],[Units]] -> Count | G76: "Compliance Management" by Nitish Singh and Thomas J. Bussen | H76: PRESSTON
A77: ='CR-TR_Interactions'!A77 -> TR76 | B77: =Table2[[#This Row],[Requirement]] -> Time to achieve full compliance | C77: ='CR-TR_Importance'!W77 -> 81 | D77: ≤6 | E77: Decrease | F77: =Table2[[#This Row],[Units]] -> Months | G77: "Compliance Management" by Nitish Singh and Thomas J. Bussen | H77: PRESSTON
A78: ='CR-TR_Interactions'!A78 -> TR77 | B78: =Table2[[#This Row],[Requirement]] -> Number of potential hazards identified | C78: ='CR-TR_Importance'!W78 -> 123.5 | D78: 0 | E78: Decrease | F78: =Table2[[#This Row],[Units]] -> Count | G78: "Risk Assessment: Tools, Techniques, and Their Applications" by Lee T. Ostrom and Cheryl A. Wilhelmsen | H78: PRESSTON
A79: ='CR-TR_Interactions'!A79 -> TR78 | B79: =Table2[[#This Row],[Requirement]] -> Safety incident rate during operation | C79: ='CR-TR_Importance'!W79 -> 131 | D79: 0 | E79: Decrease | F79: =Table2[[#This Row],[Units]] -> Incidents per yr | G79: "Safety Management Systems in Aviation" by Alan J. Stolzer et al. | H79: PRESSTON
A80: ='CR-TR_Interactions'!A80 -> TR79 | B80: =Table2[[#This Row],[Requirement]] -> Compliance with safety guidelines (e.g., OSHA) | C80: ='CR-TR_Importance'!W80 -> 138.75 | D80: Yes | E80: Increase | F80: =Table2[[#This Row],[Units]] -> yes/no | G80: "OSHA Standards for General Industry" by James S. Angle | H80: PRESSTON
A81: ='CR-TR_Interactions'!A81 -> TR80 | B81: =Table2[[#This Row],[Requirement]] -> User perception of safety | C81: ='CR-TR_Importance'!W81 -> 86.75 | D81: ≥4.5 | E81: Increase | F81: =Table2[[#This Row],[Units]] -> Likert Scale | G81: "Perception of Risk" by Paul Slovic | H81: WWENZEL
A82: ='CR-TR_Interactions'!A82 -> TR81 | B82: =Table2[[#This Row],[Requirement]] -> Operational reliability in adverse weather | C82: ='CR-TR_Importance'!W82 -> 130.75 | D82: ≥98 | E82: Increase | F82: =Table2[[#This Row],[Units]] -> % uptime | G82: "Weather and Climate Resilience" by David P. Rogers and Vladimir V. Tsirkunov | H82: JVAUGHT
A83: ='CR-TR_Interactions'!A83 -> TR82 | B83: =Table2[[#This Row],[Requirement]] -> Temperature range for safe operation | C83: ='CR-TR_Importance'!W83 -> 82.25 | D83: 32 to 140 | E83: Increase | F83: =Table2[[#This Row],[Units]] -> Degrees Fahrenheit | G83: "Engineering Thermodynamics" by P.K. Nag | H83: JVAUGHT
A84: ='CR-TR_Interactions'!A84 -> TR83 | B84: =Table2[[#This Row],[Requirement]] -> Weatherproof rating of system components | C84: ='CR-TR_Importance'!W84 -> 120 | D84: IP66 | E84: Increase | F84: =Table2[[#This Row],[Units]] -> IP Rating | G84: "Electrical Installations in Hazardous Areas" by Alan McMillan | H84: JVAUGHT
A85: ='CR-TR_Interactions'!A85 -> TR84 | B85: =Table2[[#This Row],[Requirement]] -> Number of weather-related malfunctions per year | C85: ='CR-TR_Importance'!W85 -> 135 | D85: 0 | E85: Decrease | F85: =Table2[[#This Row],[Units]] -> Count | G85: "Perception of Risk" by Paul Slovic | H85: WWENZEL
